Rk,Name,Age,Tm,Lg,W,L,W-L%,ERA,G,GS,GF,CG,SHO,SV,IP,H,R,ER,HR,BB,IBB,SO,HBP,BK,WP,BF,ERA+,FIP,WHIP,H9,HR9,BB9,SO9,SO/W,Name-additional
1,Jeremy Accardo,23,SFG,NL,1,5,.167,3.94,28,0,7,0,0,0,29.2,26,13,13,2,9,1,16,1,0,1,124,110,3.83,1.180,7.9,0.6,2.7,4.9,1.78,accarje01
2,Jose Acevedo,27,COL,NL,2,4,.333,6.47,36,5,7,0,0,1,64.0,86,48,46,13,16,3,31,1,1,0,292,74,5.49,1.594,12.1,1.8,2.3,4.4,1.94,acevejo01
3,Mike Adams,26,MIL,NL,0,1,.000,2.70,13,0,7,0,0,1,13.1,12,4,4,2,10,1,14,0,0,1,61,162,5.12,1.650,8.1,1.4,6.8,9.5,1.40,adamsmi03
4,Terry Adams,32,PHI,NL,0,2,.000,12.83,16,0,5,0,0,0,13.1,25,19,19,3,10,2,4,4,0,0,77,35,8.50,2.625,16.9,2.0,6.8,2.7,0.40,adamste01
5,Jon Adkins,27,CHW,AL,0,1,.000,8.64,5,0,4,0,0,0,8.1,13,8,8,0,4,2,1,1,0,0,42,54,4.58,2.040,14.0,0.0,4.3,1.1,0.25,adkinjo01
6,Jeremy Affeldt*,26,KCR,AL,0,2,.000,5.26,49,0,13,0,0,0,49.2,56,35,29,3,29,2,39,0,0,5,232,84,3.99,1.711,10.1,0.5,5.3,7.1,1.34,affelje01
7,Antonio Alfonseca,33,FLA,NL,1,1,.500,4.94,33,0,1,0,0,0,27.1,29,15,15,2,14,4,16,2,0,1,118,82,4.56,1.573,9.5,0.7,4.6,5.3,1.14,alfonan01
8,Armando Almanza*,32,ARI,NL,0,0,,2.25,6,0,1,0,0,0,4.0,5,1,1,1,3,0,2,0,0,1,19,213,7.52,2.000,11.3,2.3,6.8,4.5,0.67,almanar01
9,Carlos Almanzar,31,TEX,AL,0,0,,14.40,6,0,2,0,0,0,5.0,10,8,8,2,7,0,3,1,0,4,33,34,11.82,3.400,18.0,3.6,12.6,5.4,0.43,almanca01
10,Abe Alvarez*,22,BOS,AL,0,0,,15.43,2,0,1,0,0,0,2.1,6,4,4,1,0,0,1,0,0,0,13,34,7.73,2.571,23.1,3.9,0.0,3.9,,alvarab01
11,Wilson Alvarez*,35,LAD,NL,1,4,.200,5.63,21,2,3,0,0,0,24.0,31,15,15,7,7,0,16,0,0,0,109,74,6.35,1.583,11.6,2.6,2.6,6.0,2.29,alvarwi01
12,Brian Anderson*,33,KCR,AL,1,2,.333,6.75,6,6,0,0,0,0,30.2,39,24,23,7,4,1,17,0,1,0,133,66,5.27,1.402,11.4,2.1,1.2,5.0,4.25,anderbr02
13,Jason Anderson,26,NYY,AL,1,0,1.000,7.94,3,0,1,0,0,0,5.2,4,5,5,0,7,1,2,0,0,0,27,57,6.02,1.941,6.4,0.0,11.1,3.2,0.29,anderja01
14,Matt Anderson,28,COL,NL,0,0,,12.60,12,0,6,0,0,0,10.0,19,17,14,3,11,0,4,2,0,0,62,39,10.02,3.000,17.1,2.7,9.9,3.6,0.36,anderma01
15,Greg Aquino,27,ARI,NL,0,1,.000,7.76,35,0,11,0,0,1,31.1,42,29,27,7,17,1,34,4,1,2,155,57,5.76,1.883,12.1,2.0,4.9,9.8,2.00,aquingr01
16,Tony Armas,27,WSN,NL,7,7,.500,4.97,19,19,0,0,0,0,101.1,100,57,56,16,54,4,59,5,2,6,452,82,5.65,1.520,8.9,1.4,4.8,5.2,1.09,armasto02
17,Bronson Arroyo,28,BOS,AL,14,10,.583,4.51,35,32,1,0,0,0,205.1,213,116,103,22,54,3,100,14,1,5,878,101,4.43,1.300,9.3,1.0,2.4,4.4,1.85,arroybr01
18,Ezequiel Astacio,25,HOU,NL,3,6,.333,5.67,22,14,5,0,0,0,81.0,100,56,51,23,25,2,66,1,1,4,366,75,6.04,1.543,11.1,2.6,2.8,7.3,2.64,astacez01
19,Pedro Astacio,36,TOT,MLB,6,10,.375,4.69,24,22,1,0,0,0,126.2,133,66,66,17,37,4,78,2,1,6,540,91,4.46,1.342,9.5,1.2,2.6,5.5,2.11,astacpe01
20,Pedro Astacio,36,TEX,AL,2,8,.200,6.04,12,12,0,0,0,0,67.0,79,45,45,13,11,1,45,1,1,3,288,76,4.74,1.343,10.6,1.7,1.5,6.0,4.09,astacpe01
21,Pedro Astacio,36,SDP,NL,4,2,.667,3.17,12,10,1,0,0,0,59.2,54,21,21,4,26,3,33,1,0,3,252,122,4.14,1.341,8.1,0.6,3.9,5.0,1.27,astacpe01
22,Scott Atchison,29,SEA,AL,0,0,,6.75,6,0,2,0,0,0,6.2,7,5,5,1,1,0,9,0,0,0,27,65,2.72,1.200,9.5,1.4,1.4,12.2,9.00,atchisc01
23,Luis Ayala,27,WSN,NL,8,7,.533,2.66,68,0,18,0,0,1,71.0,75,23,21,7,14,4,40,6,0,0,293,153,4.02,1.254,9.5,0.9,1.8,5.1,2.86,ayalalu01
24,Manny Aybar,33,NYM,NL,0,0,,6.04,22,0,4,0,0,0,25.1,31,17,17,4,7,1,27,1,0,0,114,69,3.89,1.500,11.0,1.4,2.5,9.6,3.86,aybarma01
25,Brandon Backe,27,HOU,NL,10,8,.556,4.76,26,25,0,1,1,0,149.1,151,82,79,19,67,1,97,4,2,5,653,89,4.80,1.460,9.1,1.1,4.0,5.8,1.45,backebr01
26,Danys Báez,27,TBD,AL,5,4,.556,2.86,67,0,64,0,0,41,72.1,66,27,23,7,30,0,51,2,0,0,308,153,4.20,1.327,8.2,0.9,3.7,6.3,1.70,baezda01
27,Jeff Bajenaru,27,CHW,AL,0,0,,6.23,4,0,3,0,0,0,4.1,4,3,3,2,0,0,3,0,0,1,18,78,7.64,0.923,8.3,4.2,0.0,6.2,,bajenje01
28,Scott Baker,23,MIN,AL,3,3,.500,3.35,10,9,0,0,0,0,53.2,48,21,20,5,14,0,32,0,0,0,217,133,3.82,1.155,8.0,0.8,2.3,5.4,2.29,bakersc02
29,James Baldwin,33,TOT,AL,0,2,.000,3.81,28,0,13,0,0,1,56.2,54,28,24,8,16,1,29,3,1,2,238,118,4.84,1.235,8.6,1.3,2.5,4.6,1.81,baldwja01
30,James Baldwin,33,BAL,AL,0,0,,1.61,12,0,7,0,0,0,22.1,17,4,4,2,3,0,12,1,0,1,84,272,3.65,0.896,6.9,0.8,1.2,4.8,4.00,baldwja01
31,James Baldwin,33,TEX,AL,0,2,.000,5.19,8,0,2,0,0,1,17.1,18,10,10,3,7,1,9,1,1,1,76,90,5.62,1.442,9.3,1.6,3.6,4.7,1.29,baldwja01
32,James Baldwin,33,BAL,AL,0,0,,5.29,8,0,4,0,0,0,17.0,19,14,10,3,6,0,8,1,0,0,78,83,5.61,1.471,10.1,1.6,3.2,4.2,1.33,baldwja01
33,Cliff Bartosh*,25,CHC,NL,0,2,.000,5.49,19,0,7,0,0,0,19.2,23,13,12,7,11,0,15,2,0,0,91,82,8.10,1.729,10.5,3.2,5.0,6.9,1.36,bartocl01
34,Miguel Batista,34,TOR,AL,5,8,.385,4.10,71,0,62,0,0,31,74.2,80,39,34,9,27,5,54,2,0,3,331,109,4.31,1.433,9.6,1.1,3.3,6.5,2.00,batismi01
35,Rick Bauer,28,BAL,AL,0,0,,9.72,5,0,2,0,0,0,8.1,13,9,9,2,4,0,5,0,0,0,40,46,6.38,2.040,14.0,2.2,4.3,5.4,1.25,bauerri01
36,Denny Bautista,24,KCR,AL,2,2,.500,5.80,7,7,0,0,0,0,35.2,36,23,23,2,17,0,23,2,0,3,160,77,4.06,1.486,9.1,0.5,4.3,5.8,1.35,bautide01
37,Jonah Bayliss,24,KCR,AL,0,0,,4.63,11,0,7,0,0,0,11.2,7,6,6,2,4,0,10,2,0,0,48,98,5.08,0.943,5.4,1.5,3.1,7.7,2.50,baylijo01
38,Yorman Bazardo,20,FLA,NL,0,0,,21.60,1,0,0,0,0,0,1.2,5,5,4,0,2,0,2,0,0,1,12,23,4.22,4.200,27.0,0.0,10.8,10.8,1.00,bazaryo01
39,Colter Bean,28,NYY,AL,0,0,,4.50,1,0,1,0,0,0,2.0,1,1,1,0,2,0,2,0,0,0,9,111,4.02,1.500,4.5,0.0,9.0,9.0,1.00,beanco01
40,Josh Beckett,25,FLA,NL,15,8,.652,3.38,29,29,0,2,1,0,178.2,153,75,67,14,58,2,166,7,0,5,728,118,3.27,1.181,7.7,0.7,2.9,8.4,2.86,beckejo02
41,Erik Bedard*,26,BAL,AL,6,8,.429,4.00,24,24,0,0,0,0,141.2,139,66,63,10,57,1,125,5,1,4,606,108,3.49,1.384,8.8,0.6,3.6,7.9,2.19,bedarer01
42,Joe Beimel*,28,TBD,AL,0,0,,3.27,7,0,3,0,0,0,11.0,15,4,4,1,4,1,3,0,0,1,51,138,4.75,1.727,12.3,0.8,3.3,2.5,0.75,beimejo01
43,Matt Belisle,25,CIN,NL,4,8,.333,4.41,60,5,17,0,0,1,85.2,101,49,42,11,26,6,59,6,0,3,382,97,4.43,1.482,10.6,1.2,2.7,6.2,2.27,belisma01
44,Heath Bell,27,NYM,NL,1,3,.250,5.59,42,0,12,0,0,0,46.2,56,30,29,3,13,3,43,1,1,0,206,74,2.91,1.479,10.8,0.6,2.5,8.3,3.31,bellhe01
45,Rob Bell,28,TBD,AL,1,1,.500,8.28,8,3,4,0,0,0,25.0,41,25,23,7,12,0,13,2,0,3,129,53,7.30,2.120,14.8,2.5,4.3,4.7,1.08,bellro01
46,Armando Benitez,32,SFG,NL,2,3,.400,4.50,30,0,27,0,0,19,30.0,25,17,15,5,16,0,23,0,0,0,127,96,5.25,1.367,7.5,1.5,4.8,6.9,1.44,benitar01
47,Joaquín Benoit,27,TEX,AL,4,4,.500,3.72,32,9,6,0,0,0,87.0,69,39,36,9,38,0,78,2,0,1,369,123,3.95,1.230,7.1,0.9,3.9,8.1,2.05,benoijo01
48,Kris Benson,30,NYM,NL,10,8,.556,4.13,28,28,0,0,0,0,174.1,171,86,80,24,49,5,95,4,0,4,737,100,4.63,1.262,8.8,1.2,2.5,4.9,1.94,bensokr01
49,Chad Bentz*,25,FLA,NL,0,0,,31.50,4,0,0,0,0,0,2.0,8,7,7,2,0,0,0,0,0,0,14,15,16.02,4.000,36.0,9.0,0.0,0.0,,bentzch01
50,Jason Bergmann,23,WSN,NL,2,0,1.000,2.75,15,1,4,0,0,0,19.2,14,6,6,1,11,1,21,2,0,0,85,151,3.53,1.271,6.4,0.5,5.0,9.6,1.91,bergmja01
51,Adam Bernero,28,ATL,NL,4,3,.571,6.51,36,0,12,0,0,0,47.0,61,35,34,5,12,3,37,4,0,1,216,65,3.85,1.553,11.7,1.0,2.3,7.1,3.08,bernead01
52,Rafael Betancourt,30,CLE,AL,4,3,.571,2.79,54,0,12,0,0,1,67.2,57,23,21,5,17,2,73,0,0,0,272,151,2.58,1.094,7.6,0.7,2.3,9.7,4.29,betanra01
53,Joe Blanton,24,OAK,AL,12,12,.500,3.53,33,33,0,2,0,0,201.1,178,86,79,23,67,3,116,5,2,4,835,124,4.43,1.217,8.0,1.0,3.0,5.2,1.73,blantjo01
54,Jeremy Bonderman,22,DET,AL,14,13,.519,4.57,29,29,0,4,0,0,189.0,199,101,96,21,57,0,145,4,1,5,801,93,3.90,1.354,9.5,1.0,2.7,6.9,2.54,bondeje01
55,Chris Booker,28,CIN,NL,0,0,,31.50,3,0,1,0,0,0,2.0,6,8,7,2,4,0,2,0,0,0,15,16,20.02,5.000,27.0,9.0,18.0,9.0,0.50,bookech01
56,Chris Bootcheck,26,LAA,AL,0,1,.000,3.38,5,2,1,0,0,1,18.2,19,7,7,1,4,1,8,0,0,1,79,128,3.50,1.232,9.2,0.5,1.9,3.9,2.00,bootcch01
57,Joe Borowski,34,TOT,MLB,1,5,.167,4.47,43,0,7,0,0,0,46.1,38,23,23,8,12,1,27,0,0,1,184,99,4.88,1.079,7.4,1.6,2.3,5.2,2.25,borowjo01
58,Joe Borowski,34,CHC,NL,0,0,,6.55,11,0,3,0,0,0,11.0,12,8,8,5,1,0,11,0,0,0,47,69,7.20,1.182,9.8,4.1,0.8,9.0,11.00,borowjo01
59,Joe Borowski,34,TBD,AL,1,5,.167,3.82,32,0,4,0,0,0,35.1,26,15,15,3,11,1,16,0,0,1,137,115,4.15,1.047,6.6,0.8,2.8,4.1,1.45,borowjo01
60,Ricky Bottalico,35,MIL,NL,2,2,.500,4.54,40,0,11,0,0,2,41.2,43,24,21,7,19,0,29,3,0,7,187,95,5.40,1.488,9.3,1.5,4.1,6.3,1.53,bottari01
61,Travis Bowyer,23,MIN,AL,0,1,.000,5.59,8,0,5,0,0,0,9.2,10,6,6,3,3,0,12,1,0,1,42,82,5.81,1.345,9.3,2.8,2.8,11.2,4.00,bowyetr01
62,Blaine Boyer,23,ATL,NL,4,2,.667,3.11,43,0,5,0,0,0,37.2,32,13,13,1,17,0,33,2,0,2,158,137,3.13,1.301,7.6,0.2,4.1,7.9,1.94,boyerbl01
63,Chad Bradford,30,BOS,AL,2,1,.667,3.86,31,0,2,0,0,0,23.1,29,10,10,1,4,1,10,3,0,2,104,119,3.62,1.414,11.2,0.4,1.5,3.9,2.50,bradfch01
64,Dewon Brazelton,25,TBD,AL,1,8,.111,7.61,20,8,2,0,0,0,71.0,87,65,60,12,60,3,43,4,0,5,354,58,6.71,2.070,11.0,1.5,7.6,5.5,0.72,brazede01
65,Yhency Brazoban,25,LAD,NL,4,10,.286,5.33,74,0,44,0,0,21,72.2,70,46,43,11,32,4,61,5,0,1,317,77,4.84,1.404,8.7,1.4,4.0,7.6,1.91,brazoyh01
66,Craig Breslow*,24,SDP,NL,0,0,,2.20,14,0,3,0,0,0,16.1,15,6,4,1,13,0,14,1,0,1,78,179,4.67,1.714,8.3,0.6,7.2,7.7,1.08,breslcr01
67,Eude Brito*,26,PHI,NL,1,2,.333,3.68,6,5,0,0,0,0,22.0,20,9,9,2,11,1,15,2,1,0,94,121,4.61,1.409,8.2,0.8,4.5,6.1,1.36,britoeu01
68,Doug Brocail,38,TEX,AL,5,3,.625,5.52,61,0,13,0,0,1,73.1,90,48,45,2,34,3,61,4,0,4,344,83,3.27,1.691,11.0,0.2,4.2,7.5,1.79,brocado01
69,Frank Brooks*,26,ATL,NL,0,0,,0.00,1,0,1,0,0,0,0.1,1,0,0,0,0,0,0,0,0,0,1,,3.02,3.000,27.0,0.0,0.0,0.0,,brookfr01
70,Jim Brower,32,TOT,NL,3,3,.500,5.37,69,0,12,0,0,1,60.1,73,36,36,11,32,3,53,5,0,4,282,80,5.47,1.740,10.9,1.6,4.8,7.9,1.66,broweji01
71,Jim Brower,32,SFG,NL,2,1,.667,6.53,32,0,8,0,0,1,30.1,40,22,22,5,15,0,25,2,0,2,144,66,5.20,1.813,11.9,1.5,4.5,7.4,1.67,broweji01
72,Jim Brower,32,ATL,NL,1,2,.333,4.20,37,0,4,0,0,0,30.0,33,14,14,6,17,3,28,3,0,2,138,102,5.75,1.667,9.9,1.8,5.1,8.4,1.65,broweji01
73,Kevin Brown,40,NYY,AL,4,7,.364,6.50,13,13,0,0,0,0,73.1,107,57,53,5,19,1,50,7,0,6,346,65,3.61,1.718,13.1,0.6,2.3,6.1,2.63,brownke01
74,Jonathan Broxton,21,LAD,NL,1,0,1.000,5.93,14,0,5,0,0,0,13.2,13,11,9,0,12,2,22,1,0,2,68,71,2.65,1.829,8.6,0.0,7.9,14.5,1.83,broxtjo01
75,Brian Bruney,23,ARI,NL,1,3,.250,7.43,47,0,21,0,0,12,46.0,56,39,38,6,35,2,51,5,0,2,230,60,5.11,1.978,11.0,1.2,6.8,10.0,1.46,brunebr01
76,Mark Buehrle*,26,CHW,AL,16,8,.667,3.12,33,33,0,3,1,0,236.2,240,99,82,20,40,4,149,4,2,2,971,144,3.42,1.183,9.1,0.8,1.5,5.7,3.73,buehrma01
77,Ryan Bukvich,27,TEX,AL,0,0,,11.25,4,0,0,0,0,0,4.0,2,5,5,0,6,0,4,0,0,0,19,44,5.52,2.000,4.5,0.0,13.5,9.0,0.67,bukviry01
78,Jason Bulger,26,ARI,NL,1,0,1.000,5.40,9,0,5,0,0,0,10.0,14,6,6,1,5,1,9,0,0,0,48,84,4.02,1.900,12.6,0.9,4.5,8.1,1.80,bulgeja01
79,Bryan Bullington,24,PIT,NL,0,0,,13.50,1,0,0,0,0,0,1.1,1,2,2,0,1,0,1,1,0,0,7,40,6.02,1.500,6.8,0.0,6.8,6.8,1.00,bullibr01
80,Nate Bump,28,FLA,NL,0,3,.000,4.03,31,0,2,0,0,0,38.0,43,18,17,5,12,1,18,2,0,0,165,100,4.89,1.447,10.2,1.2,2.8,4.3,1.50,bumpna01
81,Ambiorix Burgos,21,KCR,AL,3,5,.375,3.98,59,0,17,0,0,2,63.1,60,29,28,6,31,1,65,5,2,8,278,111,3.90,1.437,8.5,0.9,4.4,9.2,2.10,burgoam01
82,A.J. Burnett,28,FLA,NL,12,12,.500,3.44,32,32,0,4,2,0,209.0,184,97,80,12,79,1,198,7,0,12,873,116,3.11,1.258,7.9,0.5,3.4,8.5,2.51,burnea.01
83,Mike Burns,26,HOU,NL,0,0,,4.94,27,0,10,0,0,0,31.0,29,18,17,6,8,1,20,5,0,1,136,87,5.50,1.194,8.4,1.7,2.3,5.8,2.50,burnsmi01
84,Sean Burroughs,24,SDP,NL,0,0,,27.00,1,0,1,0,0,0,1.0,4,3,3,1,0,0,0,0,0,0,7,20,16.02,4.000,36.0,9.0,0.0,0.0,,burrose01
85,Dave Bush,25,TOR,AL,5,11,.313,4.49,25,24,1,2,0,0,136.1,142,73,68,20,29,3,75,13,0,2,575,99,4.75,1.254,9.4,1.3,1.9,5.0,2.59,bushda01
86,Paul Byrd,34,LAA,AL,12,11,.522,3.74,31,31,0,2,1,0,204.1,216,95,85,22,28,1,102,7,0,1,842,113,3.94,1.194,9.5,1.0,1.2,4.5,3.64,byrdpa01
87,Tim Byrdak*,31,BAL,AL,0,1,.000,4.05,41,0,3,0,0,1,26.2,27,14,12,1,21,1,31,1,0,5,131,108,3.66,1.800,9.1,0.3,7.1,10.5,1.48,byrdati01
88,Daniel Cabrera,24,BAL,AL,10,13,.435,4.52,29,29,0,0,0,0,161.1,144,92,81,14,87,2,157,11,1,9,716,96,4.02,1.432,8.0,0.8,4.9,8.8,1.80,cabreda01
89,Fernando Cabrera,23,CLE,AL,2,1,.667,1.47,15,0,6,0,0,0,30.2,24,7,5,1,11,1,29,0,1,1,124,289,2.63,1.141,7.0,0.3,3.2,8.5,2.64,cabrefe01
90,Matt Cain,20,SFG,NL,2,1,.667,2.33,7,7,0,1,0,0,46.1,24,12,12,4,19,1,30,0,0,1,181,185,4.08,0.928,4.7,0.8,3.7,5.8,1.58,cainma01
91,Kiko Calero,30,OAK,AL,4,1,.800,3.23,58,0,15,0,0,1,55.2,45,20,20,6,18,2,52,1,0,2,229,136,3.58,1.132,7.3,1.0,2.9,8.4,2.89,calerki01
92,Carmen Cali*,26,STL,NL,0,0,,10.50,6,0,3,0,0,0,6.0,10,8,7,3,6,1,5,0,0,1,33,43,10.85,2.667,15.0,4.5,9.0,7.5,0.83,calica01
93,Shawn Camp,29,KCR,AL,1,4,.200,6.43,29,0,7,0,0,0,49.0,69,40,35,4,13,3,28,4,0,3,228,69,3.98,1.673,12.7,0.7,2.4,5.1,2.15,campsh01
94,Jorge Campillo,26,SEA,AL,0,0,,0.00,2,1,1,0,0,0,2.0,1,0,0,0,1,0,1,0,0,0,9,,3.52,1.000,4.5,0.0,4.5,4.5,1.00,campijo01
95,Jose Capellan,24,MIL,NL,1,1,.500,2.87,17,0,7,0,0,0,15.2,17,6,5,1,5,0,14,0,0,0,67,152,3.02,1.404,9.8,0.6,2.9,8.0,2.80,capeljo01
96,Matt Capps,21,PIT,NL,0,0,,4.50,4,0,0,0,0,0,4.0,5,2,2,0,0,0,3,1,0,0,16,102,2.27,1.250,11.3,0.0,0.0,6.8,,cappsma01
97,Chris Capuano*,26,MIL,NL,18,12,.600,3.99,35,35,0,0,0,0,219.0,212,105,97,31,91,6,176,12,4,3,949,107,4.66,1.384,8.7,1.3,3.7,7.2,1.93,capuach01
98,Buddy Carlyle,27,LAD,NL,0,0,,8.36,10,0,2,0,0,0,14.0,16,13,13,4,4,0,13,1,0,0,62,50,5.95,1.429,10.3,2.6,2.6,8.4,3.25,carlybu01
99,Chris Carpenter,30,STL,NL,21,5,.808,2.83,33,33,0,7,4,0,241.2,204,82,76,18,51,0,213,3,0,5,953,150,2.90,1.055,7.6,0.7,1.9,7.9,4.18,carpech01
100,Giovanni Carrara,37,LAD,NL,7,4,.636,3.93,72,0,18,0,0,0,75.2,65,35,33,6,38,5,56,6,0,4,326,105,4.32,1.361,7.7,0.7,4.5,6.7,1.47,carragi01
101,D.J. Carrasco,28,KCR,AL,6,8,.429,4.79,21,20,0,1,0,0,114.2,129,67,61,11,51,2,49,6,3,7,511,92,4.90,1.570,10.1,0.9,4.0,3.8,0.96,carradj01
102,Hector Carrasco,35,WSN,NL,5,4,.556,2.04,64,5,13,0,0,2,88.1,59,23,20,6,38,7,75,6,1,6,358,200,3.70,1.098,6.0,0.6,3.9,7.6,1.97,carrahe01
103,Lance Carter,30,TBD,AL,1,2,.333,4.89,39,0,18,0,0,1,57.0,61,31,31,9,15,1,22,1,0,0,239,90,5.14,1.333,9.6,1.4,2.4,3.5,1.47,cartela02
104,Marcos Carvajal,20,COL,NL,0,2,.000,5.09,39,0,11,0,0,0,53.0,52,30,30,8,21,0,47,3,0,4,229,94,4.57,1.377,8.8,1.4,3.6,8.0,2.24,carvama01
105,Santiago Casilla,24,OAK,AL,0,0,,3.00,3,0,3,0,0,0,3.0,2,1,1,0,1,0,1,0,0,1,12,162,3.35,1.000,6.0,0.0,3.0,3.0,1.00,garcija01
106,Scott Cassidy,29,TOT,MLB,1,1,.500,8.31,11,0,4,0,0,0,13.0,19,13,12,3,3,0,12,0,0,0,60,50,4.87,1.692,13.2,2.1,2.1,8.3,4.00,cassisc01
107,Scott Cassidy,29,BOS,AL,0,0,,40.50,1,0,0,0,0,0,0.2,4,3,3,0,0,0,0,0,0,0,6,17,3.02,6.000,54.0,0.0,0.0,0.0,,cassisc01
108,Scott Cassidy,29,SDP,NL,1,1,.500,6.57,10,0,4,0,0,0,12.1,15,10,9,3,3,0,12,0,0,0,54,60,4.97,1.459,10.9,2.2,2.2,8.8,4.00,cassisc01
109,Frank Castillo,36,FLA,NL,0,1,.000,10.38,1,1,0,0,0,0,4.1,4,5,5,0,5,0,4,0,0,0,22,42,4.64,2.077,8.3,0.0,10.4,8.3,0.80,castifr01
110,Jaime Cerda*,26,KCR,AL,1,4,.200,6.63,20,0,1,0,0,0,19.0,21,14,14,3,11,2,18,0,0,2,89,68,4.91,1.684,9.9,1.4,5.2,8.5,1.64,cerdaja01
111,Gustavo Chacin*,24,TOR,AL,13,9,.591,3.72,34,34,0,0,0,0,203.0,213,93,84,20,70,3,121,8,0,3,872,120,4.26,1.394,9.4,0.9,3.1,5.4,1.73,chacigu01
112,Shawn Chacon,27,TOT,MLB,8,10,.444,3.44,27,24,0,0,0,0,151.2,135,59,58,14,66,4,79,14,1,6,652,131,4.76,1.325,8.0,0.8,3.9,4.7,1.20,chacosh01
113,Shawn Chacon,27,COL,NL,1,7,.125,4.09,13,12,0,0,0,0,72.2,69,33,33,7,36,4,39,8,0,3,322,117,5.02,1.445,8.5,0.9,4.5,4.8,1.08,chacosh01
114,Shawn Chacon,27,NYY,AL,7,3,.700,2.85,14,12,0,0,0,0,79.0,66,26,25,7,30,0,40,6,1,3,330,149,4.53,1.215,7.5,0.8,3.4,4.6,1.33,chacosh01
115,Bruce Chen*,28,BAL,AL,13,10,.565,3.83,34,32,0,1,0,0,197.1,187,94,84,33,63,0,133,9,1,2,832,113,4.94,1.267,8.5,1.5,2.9,6.1,2.11,chenbr01
116,Matt Childers,26,ATL,NL,0,0,,4.50,3,0,1,0,0,0,4.0,5,2,2,1,3,0,2,1,0,0,21,103,8.27,2.000,11.3,2.3,6.8,4.5,0.67,childma01
117,Randy Choate*,29,ARI,NL,0,0,,9.00,8,0,0,0,0,0,7.0,8,7,7,0,5,1,4,1,0,1,35,51,4.45,1.857,10.3,0.0,6.4,5.1,0.80,choatra01
118,Jason Christiansen*,35,TOT,MLB,6,1,.857,5.12,68,0,11,0,0,0,45.2,55,28,26,4,17,2,21,0,0,0,208,85,4.36,1.577,10.8,0.8,3.4,4.1,1.24,chrisja01
119,Jason Christiansen*,35,SFG,NL,6,1,.857,5.36,56,0,10,0,0,0,42.0,48,27,25,4,15,2,17,0,0,0,188,80,4.52,1.500,10.3,0.9,3.2,3.6,1.13,chrisja01
120,Jason Christiansen*,35,LAA,AL,0,0,,2.45,12,0,1,0,0,0,3.2,7,1,1,0,2,0,4,0,0,0,20,189,2.47,2.455,17.2,0.0,4.9,9.8,2.00,chrisja01
121,Vinnie Chulk,26,TOR,AL,0,1,.000,3.88,62,0,10,0,0,0,72.0,68,33,31,9,26,3,39,1,0,5,301,115,4.69,1.306,8.5,1.1,3.3,4.9,1.50,chulkvi01
122,Brandon Claussen*,26,CIN,NL,10,11,.476,4.21,29,29,0,0,0,0,166.2,178,89,78,24,57,5,121,7,1,2,731,102,4.59,1.410,9.6,1.3,3.1,6.5,2.12,clausbr01
123,Roger Clemens,42,HOU,NL,13,8,.619,1.87,32,32,0,1,0,0,211.1,151,51,44,11,62,5,185,3,1,3,838,226,2.87,1.008,6.4,0.5,2.6,7.9,2.98,clemero02
124,Matt Clement,30,BOS,AL,13,6,.684,4.57,32,32,0,1,0,0,191.0,192,102,97,18,68,1,146,16,0,13,830,99,4.04,1.361,9.0,0.8,3.2,6.9,2.15,clemema01
125,Todd Coffey,24,CIN,NL,4,1,.800,4.50,57,0,14,0,0,1,58.0,84,33,29,5,11,2,26,5,0,1,265,96,4.07,1.638,13.0,0.8,1.7,4.0,2.36,coffeto01
126,Jesus Colome,27,TBD,AL,2,3,.400,4.57,36,0,18,0,0,0,45.1,54,29,23,7,18,3,28,2,0,5,212,96,5.12,1.588,10.7,1.4,3.6,5.6,1.56,colomje01
127,Bartolo Colon,32,LAA,AL,21,8,.724,3.48,33,33,0,2,0,0,222.2,215,93,86,26,43,0,157,3,1,2,906,122,3.75,1.159,8.7,1.1,1.7,6.3,3.65,colonba01
128,Roman Colon,25,TOT,MLB,2,6,.250,5.58,35,7,7,0,0,0,69.1,82,45,43,17,21,1,47,0,1,4,306,77,5.76,1.486,10.6,2.2,2.7,6.1,2.24,colonro01
129,Roman Colon,25,ATL,NL,1,5,.167,5.28,23,4,6,0,0,0,44.1,47,28,26,10,14,1,30,0,1,2,191,81,5.55,1.376,9.5,2.0,2.8,6.1,2.14,colonro01
130,Roman Colon,25,DET,AL,1,1,.500,6.12,12,3,1,0,0,0,25.0,35,17,17,7,7,0,17,0,0,2,115,70,6.14,1.680,12.6,2.5,2.5,6.1,2.43,colonro01
131,José Contreras,33,CHW,AL,15,7,.682,3.61,32,32,0,1,0,0,204.2,177,91,82,23,75,2,154,9,2,20,857,125,4.21,1.231,7.8,1.0,3.3,6.8,2.05,contrjo01
132,Aaron Cook,26,COL,NL,7,2,.778,3.67,13,13,0,2,0,0,83.1,101,38,34,8,16,2,24,2,0,3,357,131,4.34,1.404,10.9,0.9,1.7,2.6,1.50,cookaa01
133,Brian Cooper,30,SFG,NL,0,1,.000,3.06,8,1,3,0,0,0,17.2,15,6,6,0,8,0,7,0,0,0,73,143,3.59,1.302,7.6,0.0,4.1,3.6,0.88,coopebr01
134,Tim Corcoran,27,TBD,AL,0,0,,5.96,10,1,4,0,0,0,22.2,19,15,15,1,12,0,13,1,0,2,97,74,4.17,1.368,7.5,0.4,4.8,5.2,1.08,corcoti02
135,Chad Cordero,23,WSN,NL,2,4,.333,1.82,74,0,62,0,0,47,74.1,55,24,15,9,17,2,61,2,0,0,300,225,3.72,0.969,6.7,1.1,2.1,7.4,3.59,cordech01
136,Francisco Cordero,30,TEX,AL,3,1,.750,3.39,69,0,60,0,0,37,69.0,61,28,26,5,30,2,79,4,0,0,302,136,3.15,1.319,8.0,0.7,3.9,10.3,2.63,cordefr01
137,Lance Cormier,24,ARI,NL,7,3,.700,5.11,67,0,13,0,0,0,79.1,86,50,45,7,43,5,63,5,0,6,356,87,4.39,1.626,9.8,0.8,4.9,7.1,1.47,cormila01
138,Rheal Cormier*,38,PHI,NL,4,2,.667,5.89,57,0,10,0,0,0,47.1,56,33,31,9,16,1,34,2,0,3,211,75,5.20,1.521,10.6,1.7,3.0,6.5,2.13,cormirh01
139,Kevin Correia,24,SFG,NL,2,5,.286,4.63,16,11,1,0,0,0,58.1,61,31,30,12,31,2,44,4,0,2,264,93,5.99,1.577,9.4,1.9,4.8,6.8,1.42,correke01
140,David Cortes,31,COL,NL,2,0,1.000,4.10,50,0,14,0,0,2,52.2,50,24,24,9,10,2,36,1,0,3,213,117,4.50,1.139,8.5,1.5,1.7,6.2,3.60,corteda01
141,Neal Cotts*,25,CHW,AL,4,0,1.000,1.94,69,0,10,0,0,0,60.1,38,15,13,1,29,5,58,4,0,3,248,233,2.95,1.110,5.7,0.1,4.3,8.7,2.00,cottsne01
142,Jesse Crain,23,MIN,AL,12,5,.706,2.71,75,0,17,0,0,1,79.2,61,28,24,6,29,7,25,5,0,2,326,165,4.65,1.130,6.9,0.7,3.3,2.8,0.86,crainje01
143,Doug Creek*,36,DET,AL,0,0,,6.85,20,0,8,0,0,0,22.1,27,18,17,7,7,0,18,0,0,0,101,63,6.42,1.522,10.9,2.8,2.8,7.3,2.57,creekdo01
144,Jim Crowell*,31,FLA,NL,0,0,,21.60,4,0,2,0,0,0,3.1,10,8,8,1,0,0,2,2,0,0,22,21,7.52,3.000,27.0,2.7,0.0,5.4,,croweji01
145,Juan Cruz,26,OAK,AL,0,3,.000,7.44,28,0,14,0,0,0,32.2,38,33,27,5,22,4,34,4,0,3,159,59,5.32,1.837,10.5,1.4,6.1,9.4,1.55,cruzju02
146,Vic Darensbourg*,34,DET,AL,1,1,.500,2.82,22,0,4,0,0,0,22.1,24,7,7,2,7,2,9,0,0,0,96,152,4.32,1.388,9.7,0.8,2.8,3.6,1.29,darenvi01
147,Kyle Davies,21,ATL,NL,7,6,.538,4.93,21,14,2,0,0,0,87.2,98,51,48,8,49,5,62,1,0,4,403,86,4.50,1.677,10.1,0.8,5.0,6.4,1.27,davieky01
148,Doug Davis*,29,MIL,NL,11,11,.500,3.84,35,35,0,2,1,0,222.2,196,103,95,26,93,5,208,4,2,3,946,111,3.98,1.298,7.9,1.1,3.8,8.4,2.24,davisdo02
149,Jason Davis,25,CLE,AL,4,2,.667,4.69,11,4,2,0,0,0,40.1,44,22,21,4,20,0,32,3,0,2,182,90,4.43,1.587,9.8,0.9,4.5,7.1,1.60,davisja02
150,Kane Davis,30,MIL,NL,1,1,.500,2.70,15,0,3,0,0,0,16.2,10,6,5,2,10,0,11,0,0,1,70,162,5.06,1.200,5.4,1.1,5.4,5.9,1.10,daviska01
151,Zach Day,27,TOT,NL,1,3,.250,6.85,17,8,4,0,0,0,47.1,61,40,36,6,32,4,23,1,0,2,229,63,5.79,1.965,11.6,1.1,6.1,4.4,0.72,dayza01
152,Zach Day,27,WSN,NL,1,2,.333,6.75,12,5,4,0,0,0,36.0,41,29,27,4,25,3,16,1,0,1,170,61,5.74,1.833,10.3,1.0,6.3,4.0,0.64,dayza01
153,Zach Day,27,COL,NL,0,1,.000,7.15,5,3,0,0,0,0,11.1,20,11,9,2,7,1,7,0,0,1,59,69,5.93,2.382,15.9,1.6,5.6,5.6,1.00,dayza01
154,Jorge De La Rosa*,24,MIL,NL,2,2,.500,4.46,38,0,13,0,0,0,42.1,48,23,21,1,38,4,42,0,0,6,208,96,4.04,2.031,10.2,0.2,8.1,8.9,1.11,rosajo01
155,Valerio De Los Santos*,32,FLA,NL,1,2,.333,6.14,27,0,5,0,0,0,22.0,25,15,15,4,12,3,16,2,0,4,103,66,5.84,1.682,10.2,1.6,4.9,6.5,1.33,delosva01
156,Jorge De Paula,26,NYY,AL,0,0,,8.10,3,0,2,0,0,0,6.2,8,6,6,2,3,0,3,0,0,0,30,55,7.37,1.650,10.8,2.7,4.1,4.1,1.00,depaujo01
157,Mike DeJean,34,TOT,NL,5,4,.556,4.48,66,0,19,0,0,0,62.1,62,33,31,3,30,3,52,3,0,5,282,102,3.57,1.476,9.0,0.4,4.3,7.5,1.73,dejeami01
158,Mike DeJean,34,NYM,NL,3,1,.750,6.31,28,0,12,0,0,0,25.2,36,19,18,3,18,2,17,1,0,2,131,66,5.44,2.104,12.6,1.1,6.3,6.0,0.94,dejeami01
159,Mike DeJean,34,COL,NL,2,3,.400,3.19,38,0,7,0,0,0,36.2,26,14,13,0,12,1,35,2,0,3,151,151,2.26,1.036,6.4,0.0,2.9,8.6,2.92,dejeami01
160,Manny Delcarmen,23,BOS,AL,0,0,,3.00,10,0,2,0,0,0,9.0,8,3,3,0,7,0,9,1,0,0,41,157,3.69,1.667,8.0,0.0,7.0,9.0,1.29,delcama01
161,Chris Demaria,24,KCR,AL,1,0,1.000,9.00,8,0,5,0,0,0,9.0,14,10,9,3,5,0,11,0,0,1,44,51,6.58,2.111,14.0,3.0,5.0,11.0,2.20,demarch01
162,Ryan Dempster,28,CHC,NL,5,3,.625,3.13,63,6,53,0,0,33,92.0,83,35,32,4,49,7,89,4,0,4,401,141,3.38,1.435,8.1,0.4,4.8,8.7,1.82,dempsry01
163,Elmer Dessens,34,LAD,NL,1,2,.333,3.56,28,7,4,0,0,0,65.2,63,30,26,6,19,2,37,1,0,1,277,116,3.99,1.249,8.6,0.8,2.6,5.1,1.95,desseel01
164,Joey Devine,21,ATL,NL,0,1,.000,12.60,5,0,1,0,0,0,5.0,6,7,7,2,5,1,3,0,0,0,26,36,10.02,2.200,10.8,3.6,9.0,5.4,0.60,devinjo01
165,R.A. Dickey,30,TEX,AL,1,2,.333,6.67,9,4,2,0,0,0,29.2,29,23,22,4,17,0,15,2,0,2,134,69,5.68,1.551,8.8,1.2,5.2,4.6,0.88,dicker.01
166,Lenny DiNardo*,25,BOS,AL,0,1,.000,1.84,8,1,3,0,0,0,14.2,13,6,3,1,5,1,15,0,0,1,62,252,2.88,1.227,8.0,0.6,3.1,9.2,3.00,dinarle01
167,Craig Dingman,31,DET,AL,2,3,.400,3.66,34,0,18,0,0,4,32.0,30,14,13,5,9,0,24,1,0,0,128,117,4.49,1.219,8.4,1.4,2.5,6.8,2.67,dingmcr01
168,Scott Dohmann,27,COL,NL,2,1,.667,6.10,32,0,10,0,0,0,31.0,33,21,21,6,19,1,35,0,0,0,143,79,5.12,1.677,9.6,1.7,5.5,10.2,1.84,dohmasc01
169,Juan Dominguez,25,TEX,AL,4,6,.400,4.22,22,10,3,0,0,0,70.1,78,37,33,11,25,0,45,2,0,2,312,109,4.93,1.464,10.0,1.4,3.2,5.8,1.80,dominju01
170,Brendan Donnelly,33,LAA,AL,9,3,.750,3.72,65,0,14,0,0,0,65.1,60,30,27,9,19,3,53,2,0,3,271,114,4.15,1.209,8.3,1.2,2.6,7.3,2.79,donnebr01
171,Octavio Dotel,31,OAK,AL,1,2,.333,3.52,15,0,13,0,0,7,15.1,10,6,6,2,11,2,16,0,0,1,65,127,4.78,1.370,5.9,1.2,6.5,9.4,1.45,doteloc01
172,Sean Douglass,26,DET,AL,5,5,.500,5.56,18,16,1,0,0,0,87.1,92,57,54,13,33,2,55,2,0,2,374,76,4.90,1.431,9.5,1.3,3.4,5.7,1.67,douglse01
173,Scott Downs*,29,TOR,AL,4,3,.571,4.31,26,13,0,0,0,0,94.0,93,49,45,12,34,0,75,5,0,3,407,104,4.33,1.351,8.9,1.1,3.3,7.2,2.21,downssc01
174,Ryan Drese,29,TOT,MLB,7,12,.368,5.78,23,23,0,1,0,0,129.1,162,90,83,8,46,2,46,8,0,4,583,76,4.37,1.608,11.3,0.6,3.2,3.2,1.00,dresery01
175,Ryan Drese,29,TEX,AL,4,6,.400,6.46,12,12,0,1,0,0,69.2,96,52,50,5,24,1,20,3,0,1,317,71,4.54,1.722,12.4,0.6,3.1,2.6,0.83,dresery01
176,Ryan Drese,29,WSN,NL,3,6,.333,4.98,11,11,0,0,0,0,59.2,66,38,33,3,22,1,26,5,0,3,266,82,4.16,1.475,10.0,0.5,3.3,3.9,1.18,dresery01
177,Travis Driskill,33,HOU,NL,0,0,,0.00,1,0,1,0,0,0,1.0,1,0,0,0,0,0,2,0,0,0,4,,-0.98,1.000,9.0,0.0,0.0,18.0,,drisktr01
178,Eric DuBose*,29,BAL,AL,2,3,.400,5.52,15,3,2,0,0,0,29.1,28,21,18,4,19,0,17,1,0,1,135,79,5.68,1.602,8.6,1.2,5.8,5.2,0.89,duboser01
179,Justin Duchscherer,27,OAK,AL,7,4,.636,2.21,65,0,24,0,0,5,85.2,67,25,21,7,19,3,85,2,0,2,338,198,2.83,1.004,7.0,0.7,2.0,8.9,4.47,duchsju01
180,Brandon Duckworth,29,HOU,NL,0,1,.000,11.02,7,2,1,0,0,0,16.1,24,20,20,4,7,1,10,5,0,0,82,39,7.18,1.898,13.2,2.2,3.9,5.5,1.43,duckwbr01
181,Zach Duke*,22,PIT,NL,8,2,.800,1.81,14,14,0,0,0,0,84.2,79,20,17,3,23,2,58,2,0,1,341,233,3.00,1.205,8.4,0.3,2.4,6.2,2.52,dukeza01
182,Adam Eaton,27,SDP,NL,11,5,.688,4.27,24,22,2,0,0,0,128.2,140,70,61,14,44,6,100,5,0,5,568,90,4.02,1.430,9.8,1.0,3.1,7.0,2.27,eatonad01
183,Joey Eischen*,35,WSN,NL,2,1,.667,3.22,57,0,14,0,0,0,36.1,34,14,13,1,19,7,30,6,1,5,168,127,3.79,1.459,8.4,0.2,4.7,7.4,1.58,eischjo01
184,Scott Elarton,29,CLE,AL,11,9,.550,4.61,31,31,0,1,0,0,181.2,189,100,93,32,48,1,103,6,1,4,774,91,5.07,1.305,9.4,1.6,2.4,5.1,2.15,elartsc01
185,Cal Eldred,37,STL,NL,1,0,1.000,2.19,31,1,15,0,0,0,37.0,35,9,9,3,18,3,29,2,0,0,160,195,4.13,1.432,8.5,0.7,4.4,7.1,1.61,eldreca01
186,Alan Embree*,35,TOT,AL,2,5,.286,7.62,67,0,15,0,0,1,52.0,62,47,44,10,14,3,38,2,1,1,231,59,4.98,1.462,10.7,1.7,2.4,6.6,2.71,embreal01
187,Alan Embree*,35,BOS,AL,1,4,.200,7.65,43,0,11,0,0,1,37.2,42,33,32,8,11,2,30,1,1,1,163,60,5.14,1.407,10.0,1.9,2.6,7.2,2.73,embreal01
188,Alan Embree*,35,NYY,AL,1,1,.500,7.53,24,0,4,0,0,0,14.1,20,14,12,2,3,1,8,1,0,0,68,58,4.55,1.605,12.6,1.3,1.9,5.0,2.67,embreal01
189,Scott Erickson,37,LAD,NL,1,4,.200,6.02,19,8,6,0,0,0,55.1,62,37,37,12,25,0,15,4,0,1,249,69,6.87,1.572,10.1,2.0,4.1,2.4,0.60,ericksc01
190,Kelvim Escobar,29,LAA,AL,3,2,.600,3.02,16,7,2,0,0,1,59.2,45,21,20,4,21,1,63,2,0,4,242,141,2.94,1.106,6.8,0.6,3.2,9.5,3.00,escobke01
191,Mike Esposito,23,COL,NL,0,2,.000,6.75,3,3,0,0,0,0,14.2,21,11,11,3,9,1,5,0,0,0,73,72,6.84,2.045,12.9,1.8,5.5,3.1,0.56,esposmi01
192,Shawn Estes*,32,ARI,NL,7,8,.467,4.80,21,21,0,2,0,0,123.2,132,70,66,15,45,0,63,4,0,4,535,92,4.77,1.431,9.6,1.1,3.3,4.6,1.40,estessh01
193,Seth Etherton,28,OAK,AL,1,1,.500,6.62,3,3,0,0,0,0,17.2,16,13,13,4,5,0,10,0,1,1,74,67,5.68,1.189,8.2,2.0,2.5,5.1,2.00,etherse01
194,Dana Eveland*,21,MIL,NL,1,1,.500,5.97,27,0,3,0,0,1,31.2,40,21,21,2,18,3,23,1,0,1,146,72,4.19,1.832,11.4,0.6,5.1,6.5,1.28,evelada01
195,Scott Eyre*,33,SFG,NL,2,2,.500,2.63,86,0,15,0,0,0,68.1,48,21,20,3,26,0,65,4,0,3,277,163,3.01,1.083,6.3,0.4,3.4,8.6,2.50,eyresc01
196,Brian Falkenborg,27,SDP,NL,0,0,,8.18,10,0,3,0,0,0,11.0,17,11,10,2,5,1,10,0,0,2,54,49,4.93,2.000,13.9,1.6,4.1,8.2,2.00,falkebr01
197,Kyle Farnsworth,29,TOT,MLB,1,1,.500,2.19,72,0,34,0,0,16,70.0,44,18,17,5,27,0,87,3,1,3,277,196,2.75,1.014,5.7,0.6,3.5,11.2,3.22,farnsky01
198,Kyle Farnsworth,29,DET,AL,1,1,.500,2.32,46,0,16,0,0,6,42.2,29,12,11,1,20,0,55,1,0,2,174,184,2.22,1.148,6.1,0.2,4.2,11.6,2.75,farnsky01
199,Kyle Farnsworth,29,ATL,NL,0,0,,1.98,26,0,18,0,0,10,27.1,15,6,6,4,7,0,32,2,1,1,103,217,3.57,0.805,4.9,1.3,2.3,10.5,4.57,farnsky01
200,Jeff Fassero*,42,SFG,NL,4,7,.364,4.05,48,6,11,0,0,0,91.0,92,48,41,7,31,1,60,0,0,3,384,106,3.72,1.352,9.1,0.7,3.1,5.9,1.94,fasseje01
201,Scott Feldman,22,TEX,AL,0,1,.000,0.96,8,0,3,0,0,0,9.1,9,1,1,0,2,1,4,0,0,0,37,492,2.81,1.179,8.7,0.0,1.9,3.9,2.00,feldmsc01
202,Nate Field,29,KCR,AL,0,0,,9.45,7,0,3,0,0,0,6.2,13,7,7,1,5,2,4,0,0,1,35,49,6.02,2.700,17.6,1.4,6.8,5.4,0.80,fieldna01
203,Randy Flores*,29,STL,NL,3,1,.750,3.46,50,0,6,0,0,1,41.2,37,22,16,5,13,0,43,3,0,2,174,123,3.67,1.200,8.0,1.1,2.8,9.3,3.31,florera01
204,Ron Flores*,25,OAK,AL,0,0,,1.04,11,0,4,0,0,0,8.2,8,1,1,1,0,0,6,0,0,1,34,437,3.14,0.923,8.3,1.0,0.0,6.2,,florero01
205,Gavin Floyd,22,PHI,NL,1,2,.333,10.04,7,4,0,0,0,0,26.0,30,31,29,5,16,2,17,3,0,2,127,44,6.40,1.769,10.4,1.7,5.5,5.9,1.06,floydga01
206,Josh Fogg,28,PIT,NL,6,11,.353,5.05,34,28,1,0,0,0,169.1,196,106,95,27,53,11,85,6,1,2,742,83,5.13,1.470,10.4,1.4,2.8,4.5,1.60,foggjo01
207,Jesse Foppert,24,SFG,NL,0,0,,5.23,3,2,0,0,0,0,10.1,11,7,6,2,13,0,6,1,1,0,53,85,8.44,2.323,9.6,1.7,11.3,5.2,0.46,foppeje01
208,Casey Fossum*,27,TBD,AL,8,12,.400,4.92,36,25,1,0,0,0,162.2,170,100,89,21,60,3,128,18,1,8,725,89,4.56,1.414,9.4,1.2,3.3,7.1,2.13,fossuca01
209,John Foster*,27,ATL,NL,4,2,.667,4.15,62,0,9,0,0,1,34.2,27,17,16,3,19,0,32,2,0,1,150,103,4.12,1.327,7.0,0.8,4.9,8.3,1.68,fostejo01
210,Keith Foulke,32,BOS,AL,5,5,.500,5.91,43,0,37,0,0,15,45.2,53,30,30,8,18,1,34,5,0,0,210,77,5.32,1.555,10.4,1.6,3.5,6.7,1.89,foulkke01
211,Chad Fox,34,CHC,NL,0,0,,6.75,11,0,4,0,0,1,8.0,8,6,6,2,8,0,11,0,0,0,38,68,6.52,2.000,9.0,2.3,9.0,12.4,1.38,foxch02
212,Jeff Francis*,24,COL,NL,14,12,.538,5.68,33,33,0,0,0,0,183.2,228,119,116,26,70,5,128,8,0,2,828,84,4.74,1.623,11.2,1.3,3.4,6.3,1.83,francje01
213,John Franco*,44,HOU,NL,0,1,.000,7.20,31,0,4,0,0,0,15.0,23,13,12,0,9,2,16,1,0,0,77,60,2.89,2.133,13.8,0.0,5.4,9.6,1.78,francjo01
214,Ryan Franklin,32,SEA,AL,8,15,.348,5.10,32,30,0,2,1,0,190.2,212,110,108,28,62,4,93,7,1,3,832,82,5.04,1.437,10.0,1.3,2.9,4.4,1.50,frankry01
215,Wayne Franklin*,31,NYY,AL,0,1,.000,6.39,13,0,2,0,0,0,12.2,11,12,9,1,8,0,10,1,0,0,57,68,4.60,1.500,7.8,0.7,5.7,7.1,1.25,frankwa01
216,Jason Frasor,27,TOR,AL,3,5,.375,3.25,67,0,12,0,0,1,74.2,67,31,27,8,28,2,62,3,0,1,305,137,4.00,1.272,8.1,1.0,3.4,7.5,2.21,frasoja01
217,Brian Fuentes*,29,COL,NL,2,5,.286,2.91,78,0,55,0,0,31,74.1,59,25,24,6,34,4,91,10,0,8,321,165,3.40,1.251,7.1,0.7,4.1,11.0,2.68,fuentbr01
218,Aaron Fultz*,31,PHI,NL,4,0,1.000,2.24,62,0,16,0,0,0,72.1,47,21,18,6,23,2,54,5,0,0,286,197,3.77,0.968,5.8,0.7,2.9,6.7,2.35,fultzaa01
219,Eric Gagne,29,LAD,NL,1,0,1.000,2.70,14,0,13,0,0,8,13.1,10,4,4,2,3,0,22,0,0,3,53,156,2.35,0.975,6.8,1.4,2.0,14.9,7.33,gagneer01
220,Mike Gallo*,28,HOU,NL,0,1,.000,2.66,36,0,5,0,0,0,20.1,18,6,6,1,10,2,12,2,0,0,87,162,4.25,1.377,8.0,0.4,4.4,5.3,1.20,gallomi01
221,Freddy Garcia,28,CHW,AL,14,8,.636,3.87,33,33,0,2,0,0,228.0,225,102,98,26,60,2,146,3,1,20,943,116,4.05,1.250,8.9,1.0,2.4,5.8,2.43,garcifr03
222,Lee Gardner,30,TBD,AL,0,0,,4.91,5,0,2,0,0,0,7.1,12,9,4,2,2,0,4,0,0,0,37,93,6.29,1.909,14.7,2.5,2.5,4.9,2.00,gardnle01
223,Jon Garland,25,CHW,AL,18,10,.643,3.50,32,32,0,3,3,0,221.0,212,93,86,26,47,3,115,7,0,2,901,128,4.24,1.172,8.6,1.1,1.9,4.7,2.45,garlajo01
224,Dave Gassner*,26,MIN,AL,1,0,1.000,5.87,2,2,0,0,0,0,7.2,9,7,5,1,1,0,2,0,0,0,34,79,4.59,1.304,10.6,1.2,1.2,2.3,2.00,gassnda01
225,Chad Gaudin,22,TOR,AL,1,3,.250,13.15,5,3,0,0,0,0,13.0,31,19,19,6,6,0,12,1,0,0,74,35,8.79,2.846,21.5,4.2,4.2,8.3,2.00,gaudich01
226,Geoff Geary,28,PHI,NL,2,1,.667,3.72,40,0,12,0,0,0,58.0,54,29,24,5,21,4,42,1,0,3,247,119,3.83,1.293,8.4,0.8,3.3,6.5,2.00,gearyge01
227,Franklyn German,25,DET,AL,4,0,1.000,3.66,58,0,19,0,0,1,59.0,63,26,24,7,34,4,38,7,1,4,270,116,5.36,1.644,9.6,1.1,5.2,5.8,1.12,germafr01
228,Matt Ginter,27,DET,AL,0,1,.000,6.17,14,1,2,0,0,0,35.0,49,25,24,6,9,1,15,2,0,0,157,69,5.33,1.657,12.6,1.5,2.3,3.9,1.67,gintema01
229,Tom Glavine*,39,NYM,NL,13,13,.500,3.53,33,33,0,2,1,0,211.1,227,88,83,12,61,5,105,3,0,1,901,116,3.67,1.363,9.7,0.5,2.6,4.5,1.72,glavito02
230,Gary Glover,28,MIL,NL,5,4,.556,5.57,15,11,1,0,0,0,64.2,74,41,40,10,20,0,58,2,0,3,284,77,4.26,1.454,10.3,1.4,2.8,8.1,2.90,glovega01
231,Ryan Glynn,30,OAK,AL,0,4,.000,6.88,5,3,2,0,0,0,17.0,24,16,13,5,7,0,15,0,0,0,82,65,6.31,1.824,12.7,2.6,3.7,7.9,2.14,glynnry01
232,Jimmy Gobble*,23,KCR,AL,1,1,.500,5.70,28,4,11,0,0,0,53.2,64,34,34,9,30,4,38,1,0,2,249,78,5.52,1.752,10.7,1.5,5.0,6.4,1.27,gobblji01
233,Edgar Gonzalez,22,ARI,NL,0,0,,108.00,1,0,0,0,0,0,0.1,2,4,4,1,2,0,1,0,0,1,5,8,54.02,12.000,54.0,27.0,54.0,27.0,0.50,gonzaed01
234,Geremi Gonzalez,30,BOS,AL,2,1,.667,6.11,28,3,7,0,0,0,56.0,64,39,38,7,16,2,28,2,0,1,244,75,4.61,1.429,10.3,1.1,2.6,4.5,1.75,gonzaje01
235,Mike Gonzalez*,27,PIT,NL,1,3,.250,2.70,51,0,15,0,0,3,50.0,35,15,15,2,31,2,58,1,0,3,212,156,3.14,1.320,6.3,0.4,5.6,10.4,1.87,gonzami02
236,Andrew Good,25,DET,AL,0,0,,5.40,2,0,2,0,0,0,5.0,4,3,3,1,1,0,7,0,0,0,20,84,3.42,1.000,7.2,1.8,1.8,12.6,7.00,goodan01
237,Tom Gordon,37,NYY,AL,5,4,.556,2.57,79,0,17,0,0,2,80.2,59,25,23,8,29,4,69,0,1,1,324,166,3.68,1.091,6.6,0.9,3.2,7.7,2.38,gordoto01
238,Tom Gorzelanny*,22,PIT,NL,0,1,.000,12.00,3,1,0,0,0,0,6.0,10,8,8,1,3,0,3,0,0,0,32,37,5.69,2.167,15.0,1.5,4.5,4.5,1.00,gorzeto01
239,Mike Gosling*,24,ARI,NL,0,3,.000,4.45,13,5,5,0,0,0,32.1,40,20,16,2,19,2,14,0,0,0,154,100,4.72,1.825,11.1,0.6,5.3,3.9,0.74,goslimi01
240,John Grabow*,26,PIT,NL,2,3,.400,4.85,63,0,8,0,0,0,52.0,46,31,28,6,25,2,42,2,0,1,222,87,4.46,1.365,8.0,1.0,4.3,7.3,1.68,grabojo02
241,Alex Graman*,27,NYY,AL,0,0,,13.50,2,0,1,0,0,0,1.1,3,2,2,1,2,1,0,0,0,0,9,40,17.27,3.750,20.3,6.8,13.5,0.0,0.00,gramaal01
242,Danny Graves,31,TOT,NL,1,1,.500,6.52,40,0,29,0,0,10,38.2,59,35,28,9,20,4,20,3,0,3,197,65,6.80,2.043,13.7,2.1,4.7,4.7,1.00,graveda01
243,Danny Graves,31,CIN,NL,1,1,.500,7.36,20,0,18,0,0,10,18.1,30,18,15,4,12,3,8,0,0,3,99,59,6.95,2.291,14.7,2.0,5.9,3.9,0.67,graveda01
244,Danny Graves,31,NYM,NL,0,0,,5.75,20,0,11,0,0,0,20.1,29,17,13,5,8,1,12,3,0,0,98,73,6.66,1.820,12.8,2.2,3.5,5.3,1.50,graveda01
245,Kevin Gregg,27,LAA,AL,1,2,.333,5.04,33,2,9,0,0,0,64.1,70,37,36,8,29,2,52,3,0,5,290,84,4.51,1.539,9.8,1.1,4.1,7.3,1.79,greggke01
246,Zack Greinke,21,KCR,AL,5,17,.227,5.80,33,33,0,2,0,0,183.0,233,125,118,23,53,0,114,13,2,4,829,76,4.49,1.563,11.5,1.1,2.6,5.6,2.15,greinza01
247,Seth Greisinger,29,ATL,NL,0,0,,3.60,1,1,0,0,0,0,5.0,7,2,2,1,1,0,2,0,0,0,21,126,5.42,1.600,12.6,1.8,1.8,3.6,2.00,greisse01
248,Jason Grilli,28,DET,AL,1,1,.500,3.38,3,2,0,0,0,0,16.0,14,6,6,1,6,0,5,0,0,0,63,128,4.33,1.250,7.9,0.6,3.4,2.8,0.83,grillja01
249,Jason Grimsley,37,BAL,AL,1,2,.333,5.73,22,0,9,0,0,0,22.0,24,15,14,5,9,2,10,0,0,1,93,77,6.29,1.500,9.8,2.0,3.7,4.1,1.11,grimsja01
250,Buddy Groom*,39,TOT,MLB,1,1,.500,4.83,47,0,13,0,0,1,41.0,51,22,22,5,12,3,20,3,0,0,186,90,4.73,1.537,11.2,1.1,2.6,4.4,1.67,groombu01
251,Buddy Groom*,39,NYY,AL,1,0,1.000,4.91,24,0,8,0,0,0,25.2,32,14,14,3,7,2,13,3,0,0,116,87,4.70,1.519,11.2,1.1,2.5,4.6,1.86,groombu01
252,Buddy Groom*,39,ARI,NL,0,1,.000,4.70,23,0,5,0,0,1,15.1,19,8,8,2,5,1,7,0,0,0,70,96,4.78,1.565,11.2,1.2,2.9,4.1,1.40,groombu01
253,Kevin Gryboski,31,TOT,MLB,1,1,.500,5.52,42,0,9,0,0,0,31.0,41,25,19,1,20,5,10,3,0,2,154,80,5.02,1.968,11.9,0.3,5.8,2.9,0.50,gryboke01
254,Kevin Gryboski,31,ATL,NL,0,0,,2.95,31,0,7,0,0,0,21.1,24,10,7,0,12,3,8,2,0,1,99,146,4.24,1.688,10.1,0.0,5.1,3.4,0.67,gryboke01
255,Kevin Gryboski,31,TEX,AL,1,1,.500,11.17,11,0,2,0,0,0,9.2,17,15,12,1,8,2,2,1,0,1,55,42,6.74,2.586,15.8,0.9,7.4,1.9,0.25,gryboke01
256,Eddie Guardado*,34,SEA,AL,2,3,.400,2.72,58,0,55,0,0,36,56.1,52,23,17,7,15,3,48,0,0,1,238,155,3.73,1.189,8.3,1.1,2.4,7.7,3.20,guarded01
257,Matt Guerrier,26,MIN,AL,0,3,.000,3.39,43,0,14,0,0,0,71.2,71,29,27,6,24,5,46,3,0,3,306,132,3.95,1.326,8.9,0.8,3.0,5.8,1.92,guerrma02
258,Jeremy Guthrie,26,CLE,AL,0,0,,6.00,1,0,1,0,0,0,6.0,9,4,4,2,2,0,3,0,0,0,29,74,7.35,1.833,13.5,3.0,3.0,4.5,1.50,guthrje01
259,John Halama*,33,TOT,MLB,1,4,.200,5.68,40,4,15,0,0,0,65.0,79,44,41,6,17,3,37,7,0,2,298,78,4.19,1.477,10.9,0.8,2.4,5.1,2.18,halamjo01
260,John Halama*,33,BOS,AL,1,1,.500,6.18,30,1,13,0,0,0,43.2,56,33,30,5,9,3,26,7,0,2,205,74,4.42,1.489,11.5,1.0,1.9,5.4,2.89,halamjo01
261,John Halama*,33,WSN,NL,0,3,.000,4.64,10,3,2,0,0,0,21.1,23,11,11,1,8,0,11,0,0,0,93,89,3.72,1.453,9.7,0.4,3.4,4.6,1.38,halamjo01
262,Roy Halladay,28,TOR,AL,12,4,.750,2.41,19,19,0,5,2,0,141.2,118,39,38,11,18,2,108,7,1,2,553,185,3.03,0.960,7.5,0.7,1.1,6.9,6.00,hallaro01
263,Brad Halsey*,24,ARI,NL,8,12,.400,4.61,28,26,1,0,0,0,160.0,191,101,82,20,39,3,82,9,1,2,700,96,4.52,1.438,10.7,1.1,2.2,4.6,2.10,halsebr01
264,Chris Hammond*,39,SDP,NL,5,1,.833,3.84,55,0,17,0,0,0,58.2,51,25,25,9,14,0,34,2,0,0,242,101,4.67,1.108,7.8,1.4,2.1,5.2,2.43,hammoch01
265,Mike Hampton*,32,ATL,NL,5,3,.625,3.50,12,12,0,1,1,0,69.1,74,28,27,5,18,0,27,0,0,1,284,121,3.96,1.327,9.6,0.6,2.3,3.5,1.50,hamptmi01
266,Tim Hamulack*,28,NYM,NL,0,0,,23.14,6,0,2,0,0,0,2.1,7,6,6,3,1,1,2,0,0,0,14,21,19.31,3.429,27.0,11.6,3.9,7.7,2.00,hamulti01
267,Josh Hancock,27,CIN,NL,1,0,1.000,1.93,11,0,5,0,0,0,14.0,11,4,3,1,1,0,5,0,0,0,54,227,3.45,0.857,7.1,0.6,0.6,3.2,5.00,hancojo01
268,Craig Hansen,21,BOS,AL,0,0,,6.00,4,0,1,0,0,0,3.0,6,2,2,1,1,0,3,0,0,0,16,84,6.35,2.333,18.0,3.0,3.0,9.0,3.00,hansecr01
269,Aaron Harang,27,CIN,NL,11,13,.458,3.83,32,32,0,1,0,0,211.2,217,93,90,22,51,3,163,8,0,6,887,112,3.67,1.266,9.2,0.9,2.2,6.9,3.20,haranaa01
270,Rich Harden,23,OAK,AL,10,5,.667,2.53,22,19,0,2,1,0,128.0,93,42,36,7,43,0,121,2,0,6,514,173,2.90,1.063,6.5,0.5,3.0,8.5,2.81,harderi01
271,Dan Haren,24,OAK,AL,14,12,.538,3.73,34,34,0,3,0,0,217.0,212,101,90,26,53,5,163,6,0,6,897,117,3.89,1.221,8.8,1.1,2.2,6.8,3.08,harenda01
272,Tim Harikkala,33,OAK,AL,0,0,,6.39,8,0,5,0,0,0,12.2,16,9,9,3,4,0,7,0,0,0,56,70,5.94,1.579,11.4,2.1,2.8,5.0,1.75,harikti01
273,Travis Harper,29,TBD,AL,4,6,.400,6.75,52,0,13,0,0,0,73.1,88,57,55,14,24,9,40,1,0,2,321,65,5.43,1.527,10.8,1.7,2.9,4.9,1.67,harpetr01
274,Jeff Harris,30,SEA,AL,2,5,.286,4.19,11,8,1,0,0,0,53.2,48,27,25,9,20,2,25,3,0,0,227,101,5.55,1.267,8.0,1.5,3.4,4.2,1.25,harrije02
275,Chad Harville,28,TOT,MLB,0,3,.000,4.76,45,0,20,0,0,0,45.1,43,26,24,8,27,1,36,5,0,4,203,91,5.84,1.544,8.5,1.6,5.4,7.1,1.33,harvich01
276,Chad Harville,28,HOU,NL,0,2,.000,4.46,37,0,16,0,0,0,38.1,36,21,19,7,24,1,33,4,0,4,173,96,5.86,1.565,8.5,1.6,5.6,7.7,1.38,harvich01
277,Chad Harville,28,BOS,AL,0,1,.000,6.43,8,0,4,0,0,0,7.0,7,5,5,1,3,0,3,1,0,0,30,74,5.73,1.429,9.0,1.3,3.9,3.9,1.00,harvich01
278,Shigetoshi Hasegawa,36,SEA,AL,1,3,.250,4.19,46,0,17,0,0,0,66.2,66,31,31,4,16,1,30,3,0,0,279,101,3.76,1.230,8.9,0.5,2.2,4.1,1.88,hasegsh01
279,LaTroy Hawkins,32,TOT,NL,2,8,.200,3.83,66,0,21,0,0,6,56.1,58,27,24,7,24,3,43,0,0,1,247,114,4.39,1.456,9.3,1.1,3.8,6.9,1.79,hawkila01
280,LaTroy Hawkins,32,CHC,NL,1,4,.200,3.32,21,0,12,0,0,4,19.0,18,9,7,4,7,0,13,0,0,0,80,135,5.49,1.316,8.5,1.9,3.3,6.2,1.86,hawkila01
281,LaTroy Hawkins,32,SFG,NL,1,4,.200,4.10,45,0,9,0,0,2,37.1,40,18,17,3,17,3,30,0,0,1,167,105,3.82,1.527,9.6,0.7,4.1,7.2,1.76,hawkila01
282,Aaron Heilman,26,NYM,NL,5,3,.625,3.17,53,7,20,1,1,5,108.0,87,40,38,6,37,4,106,6,1,1,439,130,2.97,1.148,7.3,0.5,3.1,8.8,2.86,heilmaa01
283,Rick Helling,34,MIL,NL,3,1,.750,2.39,15,7,2,0,0,0,49.0,39,13,13,2,18,1,42,2,0,1,199,180,3.06,1.163,7.2,0.4,3.3,7.7,2.33,helliri01
284,Mark Hendrickson*,31,TBD,AL,11,8,.579,5.90,31,31,0,1,0,0,178.1,227,126,117,24,49,1,89,2,1,4,796,74,4.63,1.548,11.5,1.2,2.5,4.5,1.82,hendrma01
285,Sean Henn*,24,NYY,AL,0,3,.000,11.12,3,3,0,0,0,0,11.1,18,16,14,3,11,0,3,0,0,0,61,39,8.84,2.559,14.3,2.4,8.7,2.4,0.27,hennse01
286,Brad Hennessey,25,SFG,NL,5,8,.385,4.64,21,21,0,0,0,0,118.1,127,63,61,15,52,3,64,4,1,3,521,92,5.01,1.513,9.7,1.1,4.0,4.9,1.23,hennebr01
287,Clay Hensley,25,SDP,NL,1,1,.500,1.70,24,1,5,0,0,0,47.2,33,12,9,0,17,2,28,0,0,2,189,228,2.92,1.049,6.2,0.0,3.2,5.3,1.65,henslcl01
288,Felix Heredia*,30,NYM,NL,0,0,,0.00,3,0,1,0,0,0,2.2,1,0,0,0,1,0,2,1,0,0,10,,3.77,0.750,3.4,0.0,3.4,6.8,2.00,heredfe01
289,Matt Herges,35,TOT,NL,1,1,.500,7.14,28,0,7,0,0,0,29.0,35,23,23,6,12,1,9,1,0,0,132,62,6.43,1.621,10.9,1.9,3.7,2.8,0.75,hergema01
290,Matt Herges,35,SFG,NL,1,1,.500,4.71,21,0,5,0,0,0,21.0,23,11,11,2,7,1,6,0,0,0,90,92,4.69,1.429,9.9,0.9,3.0,2.6,0.86,hergema01
291,Matt Herges,35,ARI,NL,0,0,,13.50,7,0,2,0,0,0,8.0,12,12,12,4,5,0,3,1,0,0,42,34,11.02,2.125,13.5,4.5,5.6,3.4,0.60,hergema01
292,Dustin Hermanson,32,CHW,AL,2,4,.333,2.04,57,0,45,0,0,34,57.1,46,17,13,4,17,4,33,1,0,3,228,221,3.72,1.099,7.2,0.6,2.7,5.2,1.94,hermadu01
293,Félix Hernández,19,SEA,AL,4,4,.500,2.67,12,12,0,0,0,0,84.1,61,26,25,5,23,0,77,2,0,3,328,158,2.85,0.996,6.5,0.5,2.5,8.2,3.35,hernafe02
294,Liván Hernández,30,WSN,NL,15,10,.600,3.98,35,35,0,2,0,0,246.1,268,116,109,25,84,14,147,13,2,3,1065,102,4.33,1.429,9.8,0.9,3.1,5.4,1.75,hernali01
295,Orlando Hernandez,39,CHW,AL,9,9,.500,5.12,24,22,1,0,0,1,128.1,137,77,73,18,50,1,91,12,2,3,568,88,4.87,1.457,9.6,1.3,3.5,6.4,1.82,hernaor01
296,Roberto Hernandez,40,NYM,NL,8,6,.571,2.58,67,0,20,0,0,4,69.2,57,20,20,5,28,4,61,2,0,4,291,160,3.49,1.220,7.4,0.6,3.6,7.9,2.18,hernaro01
297,Runelvys Hernandez,27,KCR,AL,8,14,.364,5.52,29,29,0,0,0,0,159.2,172,101,98,18,70,0,88,7,0,4,706,80,4.83,1.516,9.7,1.0,3.9,5.0,1.26,hernaru03
298,Rich Hill*,25,CHC,NL,0,2,.000,9.13,10,4,1,0,0,0,23.2,25,24,24,3,17,1,21,1,0,0,115,49,5.17,1.775,9.5,1.1,6.5,8.0,1.24,hillri01
299,Trevor Hoffman,37,SDP,NL,1,6,.143,2.97,60,0,54,0,0,43,57.2,52,23,19,3,12,1,54,1,0,1,240,131,2.50,1.110,8.1,0.5,1.9,8.4,4.50,hoffmtr01
300,Joe Horgan*,28,WSN,NL,0,0,,21.00,8,0,1,0,0,0,6.0,19,15,14,0,4,0,5,1,0,1,44,21,3.85,3.833,28.5,0.0,6.0,7.5,1.25,horgajo01
301,D.J. Houlton,25,LAD,NL,6,9,.400,5.16,35,19,4,0,0,0,129.0,145,79,74,21,52,3,90,8,0,2,578,80,5.14,1.527,10.1,1.5,3.6,6.3,1.73,houltdj01
302,J.P. Howell*,22,KCR,AL,3,5,.375,6.19,15,15,0,0,0,0,72.2,73,55,50,9,39,0,54,6,0,7,328,71,5.00,1.541,9.0,1.1,4.8,6.7,1.38,howeljp01
303,Bob Howry,31,CLE,AL,7,4,.636,2.47,79,0,24,0,0,3,73.0,49,23,20,4,16,1,48,0,0,0,277,171,3.07,0.890,6.0,0.5,2.0,5.9,3.00,howrybo01
304,Luke Hudson,28,CIN,NL,6,9,.400,6.38,19,16,1,0,0,0,84.2,83,62,60,14,50,2,53,11,0,5,380,67,6.08,1.571,8.8,1.5,5.3,5.6,1.06,hudsolu01
305,Tim Hudson,29,ATL,NL,14,9,.609,3.52,29,29,0,2,0,0,192.0,194,79,75,20,65,5,115,9,0,4,817,121,4.33,1.349,9.1,0.9,3.0,5.4,1.77,hudsoti01
306,Travis Hughes,27,WSN,NL,1,1,.500,5.54,14,0,0,0,0,0,13.0,18,8,8,4,8,1,8,1,0,0,64,75,7.87,2.000,12.5,2.8,5.5,5.5,1.00,hughetr01
307,Kazuhisa Ishii*,31,NYM,NL,3,9,.250,5.14,19,16,0,0,0,0,91.0,87,59,52,13,49,3,53,3,0,2,399,80,5.43,1.495,8.6,1.3,4.8,5.2,1.08,ishiika01
308,Jason Isringhausen,32,STL,NL,1,2,.333,2.14,63,0,52,0,0,39,59.0,43,14,14,4,27,5,51,1,0,2,245,199,3.60,1.186,6.6,0.6,4.1,7.8,1.89,isrinja01
309,Edwin Jackson,21,LAD,NL,2,2,.500,6.28,7,6,0,0,0,0,28.2,31,22,20,2,17,0,13,1,1,2,134,66,4.90,1.674,9.7,0.6,5.3,4.1,0.76,jacksed01
310,Chuck James*,23,ATL,NL,0,0,,1.59,2,0,0,0,0,0,5.2,4,1,1,0,3,0,5,0,0,1,23,283,2.84,1.235,6.4,0.0,4.8,7.9,1.67,jamesch03
311,Kevin Jarvis,35,STL,NL,0,1,.000,13.50,4,0,1,0,0,0,3.1,3,5,5,1,3,0,2,2,0,0,17,35,10.22,1.800,8.1,2.7,8.1,5.4,0.67,jarvike01
312,Bobby Jenks,24,CHW,AL,1,1,.500,2.75,32,0,18,0,0,6,39.1,34,15,12,3,15,3,50,1,0,4,168,165,2.69,1.246,7.8,0.7,3.4,11.4,3.33,jenksbo01
313,Jason Jennings,26,COL,NL,6,9,.400,5.02,20,20,0,1,0,0,122.0,130,73,68,11,62,4,75,5,0,8,551,96,4.61,1.574,9.6,0.8,4.6,5.5,1.21,jennija01
314,Ryan Jensen,29,KCR,AL,3,2,.600,7.11,9,3,3,0,0,0,25.1,31,20,20,4,7,1,18,2,0,0,115,63,4.72,1.500,11.0,1.4,2.5,6.4,2.57,jensery01
315,Jason Johnson,31,DET,AL,8,13,.381,4.54,33,33,0,1,0,0,210.0,233,117,106,23,49,4,93,6,0,17,888,93,4.34,1.343,10.0,1.0,2.1,4.0,1.90,johnsja02
316,Josh Johnson,21,FLA,NL,0,0,,3.65,4,1,0,0,0,0,12.1,11,5,5,0,10,0,10,1,0,0,55,112,4.07,1.703,8.0,0.0,7.3,7.3,1.00,johnsjo09
317,Randy Johnson*,41,NYY,AL,17,8,.680,3.79,34,34,0,4,0,0,225.2,207,102,95,32,47,2,211,12,1,3,920,112,3.78,1.126,8.3,1.3,1.9,8.4,4.49,johnsra05
318,Tyler Johnson*,24,STL,NL,0,0,,0.00,5,0,1,0,0,0,2.2,3,0,0,0,3,0,4,0,0,0,13,,3.40,2.250,10.1,0.0,10.1,13.5,1.33,johnsty01
319,Mike Johnston*,26,PIT,NL,0,0,,36.00,1,0,1,0,0,0,1.0,4,4,4,2,0,0,2,0,0,0,7,16,25.02,4.000,36.0,18.0,0.0,18.0,,johnsmi03
320,Greg Jones,28,LAA,AL,0,0,,6.75,6,0,6,0,0,0,5.1,7,4,4,2,2,0,6,0,0,0,24,67,6.77,1.688,11.8,3.4,3.4,10.1,3.00,jonesgr01
321,Todd Jones,37,FLA,NL,1,5,.167,2.10,68,0,55,0,0,40,73.0,61,19,17,2,14,2,62,3,0,2,289,191,2.38,1.027,7.5,0.2,1.7,7.6,4.43,jonesto02
322,Jimmy Journell,27,STL,NL,0,1,.000,10.38,5,0,3,0,0,0,4.1,6,6,5,1,5,0,5,0,0,0,23,44,7.17,2.538,12.5,2.1,10.4,10.4,1.00,journji01
323,Jorge Julio,26,BAL,AL,3,5,.375,5.90,67,0,19,0,0,0,71.2,76,50,47,14,24,4,58,2,0,10,313,74,5.03,1.395,9.5,1.8,3.0,7.3,2.42,juliojo01
324,Jason Karnuth,29,DET,AL,0,0,,5.40,3,0,2,0,0,0,1.2,2,1,1,0,0,0,0,0,0,0,7,95,3.02,1.200,10.8,0.0,0.0,0.0,,karnuja01
325,Steve Karsay,33,TOT,AL,0,1,.000,7.06,20,0,10,0,0,0,21.2,36,19,17,2,7,1,14,0,0,1,106,65,3.90,1.985,15.0,0.8,2.9,5.8,2.00,karsast01
326,Steve Karsay,33,NYY,AL,0,0,,6.00,6,0,2,0,0,0,6.0,10,5,4,0,2,1,5,0,0,0,29,75,2.35,2.000,15.0,0.0,3.0,7.5,2.50,karsast01
327,Steve Karsay,33,TEX,AL,0,1,.000,7.47,14,0,8,0,0,0,15.2,26,14,13,2,5,0,9,0,0,1,77,63,4.49,1.979,14.9,1.1,2.9,5.2,1.80,karsast01
328,Scott Kazmir*,21,TBD,AL,10,9,.526,3.77,32,32,0,0,0,0,186.0,172,90,78,12,100,3,174,10,1,7,818,116,3.76,1.462,8.3,0.6,4.8,8.4,1.74,kazmisc01
329,Randy Keisler*,29,CIN,NL,2,1,.667,6.27,24,4,7,0,0,0,56.0,64,45,39,10,28,2,43,1,0,2,262,69,5.36,1.643,10.3,1.6,4.5,6.9,1.54,keislra01
330,Joe Kennedy*,26,TOT,MLB,8,13,.381,6.01,35,24,3,0,0,0,152.2,192,114,102,20,64,6,97,7,1,8,704,77,4.85,1.677,11.3,1.2,3.8,5.7,1.52,kennejo04
331,Joe Kennedy*,26,COL,NL,4,8,.333,7.04,16,16,0,0,0,0,92.0,128,81,72,12,44,4,52,6,1,7,442,68,5.22,1.870,12.5,1.2,4.3,5.1,1.18,kennejo04
332,Joe Kennedy*,26,OAK,AL,4,5,.444,4.45,19,8,3,0,0,0,60.2,64,33,30,8,20,2,45,1,0,1,262,99,4.29,1.385,9.5,1.2,3.0,6.7,2.25,kennejo04
333,Logan Kensing,22,FLA,NL,0,0,,11.12,3,0,0,0,0,0,5.2,11,7,7,2,3,0,4,0,0,0,31,38,7.78,2.471,17.5,3.2,4.8,6.4,1.33,kensilo01
334,Masao Kida,36,SEA,AL,0,0,,4.50,1,0,1,0,0,0,2.0,2,1,1,1,0,0,0,0,0,0,8,110,9.52,1.000,9.0,4.5,0.0,0.0,,kidama01
335,Byung-Hyun Kim,26,COL,NL,5,12,.294,4.86,40,22,3,0,0,0,148.0,156,82,80,17,71,8,115,14,1,11,667,98,4.68,1.534,9.5,1.0,4.3,7.0,1.62,kimby01
336,Sun-Woo Kim,27,TOT,NL,6,3,.667,4.90,24,10,3,1,1,0,82.2,97,46,45,10,21,2,55,3,0,4,363,93,4.13,1.427,10.6,1.1,2.3,6.0,2.62,kimsu01
337,Sun-Woo Kim,27,WSN,NL,1,2,.333,6.14,12,2,3,0,0,0,29.1,41,20,20,3,8,2,17,2,0,1,135,67,4.21,1.670,12.6,0.9,2.5,5.2,2.13,kimsu01
338,Sun-Woo Kim,27,COL,NL,5,1,.833,4.22,12,8,0,1,1,0,53.1,56,26,25,7,13,0,38,1,0,3,228,114,4.09,1.294,9.5,1.2,2.2,6.4,2.92,kimsu01
339,Ray King*,31,STL,NL,4,4,.500,3.38,77,0,18,0,0,0,40.0,46,17,15,4,16,0,23,3,0,1,177,126,4.60,1.550,10.4,0.9,3.6,5.2,1.44,kingra01
340,Matt Kinney,28,SFG,NL,2,0,1.000,6.00,5,1,1,0,0,0,12.0,18,8,8,2,6,0,3,1,0,0,55,73,6.44,2.000,13.5,1.5,4.5,2.3,0.50,kinnema01
341,Steve Kline*,32,BAL,AL,2,4,.333,4.28,67,0,23,0,0,0,61.0,59,34,29,11,30,5,36,0,3,4,264,101,5.66,1.459,8.7,1.6,4.4,5.3,1.20,klinest02
342,Danny Kolb,30,ATL,NL,3,8,.273,5.93,65,0,34,0,0,11,57.2,78,39,38,5,29,5,39,1,0,5,270,72,4.36,1.855,12.2,0.8,4.5,6.1,1.34,kolbda01
343,Dae-Sung Koo*,35,NYM,NL,0,0,,3.91,33,0,4,0,0,0,23.0,22,12,10,2,13,1,23,2,0,0,106,107,4.11,1.522,8.6,0.8,5.1,9.0,1.77,kooda01
344,Mike Koplove,28,ARI,NL,2,1,.667,5.07,44,0,11,0,0,0,49.2,48,31,28,6,20,3,28,6,1,1,217,87,5.03,1.369,8.7,1.1,3.6,5.1,1.40,koplomi01
345,John Koronka*,24,CHC,NL,1,2,.333,7.47,4,3,1,0,0,0,15.2,19,13,13,2,8,0,10,0,2,1,76,60,4.93,1.723,10.9,1.1,4.6,5.7,1.25,koronjo01
346,Hung-Chih Kuo*,23,LAD,NL,0,1,.000,6.75,9,0,0,0,0,0,5.1,5,4,4,1,5,1,10,0,1,0,26,65,4.52,1.875,8.4,1.7,8.4,16.9,2.00,kuoho01
347,John Lackey,26,LAA,AL,14,5,.737,3.44,33,33,0,1,0,0,209.0,208,85,80,13,71,3,199,11,0,18,892,123,3.10,1.335,9.0,0.6,3.1,8.6,2.80,lackejo01
348,Brian Lawrence,29,SDP,NL,7,15,.318,4.83,33,33,0,1,0,0,195.2,211,106,105,18,57,7,109,11,1,3,852,80,4.14,1.370,9.7,0.8,2.6,5.0,1.91,lawrebr02
349,Brandon League,22,TOR,AL,1,0,1.000,6.56,20,0,4,0,0,0,35.2,42,27,26,8,20,1,17,2,0,5,162,68,6.83,1.738,10.6,2.0,5.0,4.3,0.85,leagubr01
350,Wil Ledezma*,24,DET,AL,2,4,.333,7.07,10,10,0,0,0,0,49.2,61,46,39,10,24,0,30,2,2,2,234,60,6.00,1.711,11.1,1.8,4.3,5.4,1.25,ledezwi01
351,Cliff Lee*,26,CLE,AL,18,5,.783,3.79,32,32,0,1,0,0,202.0,194,91,85,22,52,1,143,0,0,4,838,111,3.79,1.218,8.6,1.0,2.3,6.4,2.75,leecl02
352,Justin Lehr,27,MIL,NL,1,1,.500,3.89,23,0,9,0,0,0,34.2,32,19,15,4,18,2,23,1,1,1,154,111,4.84,1.442,8.3,1.0,4.7,6.0,1.28,lehrju01
353,Jon Leicester,26,CHC,NL,0,2,.000,9.00,6,1,2,0,0,0,9.0,11,10,9,2,9,0,7,2,0,1,46,51,8.02,2.222,11.0,2.0,9.0,7.0,0.78,leicejo01
354,Al Leiter*,39,TOT,MLB,7,12,.368,6.13,33,26,2,0,0,0,142.1,154,103,97,13,98,2,97,12,0,2,670,67,5.16,1.770,9.7,0.8,6.2,6.1,0.99,leiteal01
355,Al Leiter*,39,FLA,NL,3,7,.300,6.64,17,16,0,0,0,0,80.0,88,61,59,9,60,2,52,6,0,0,377,60,5.66,1.850,9.9,1.0,6.8,5.9,0.87,leiteal01
356,Al Leiter*,39,NYY,AL,4,5,.444,5.49,16,10,2,0,0,0,62.1,66,42,38,4,38,0,45,6,0,2,293,78,4.53,1.668,9.5,0.6,5.5,6.5,1.18,leiteal01
357,Anthony Lerew,22,ATL,NL,0,0,,5.63,7,0,4,0,0,0,8.0,9,5,5,1,5,2,5,0,0,0,37,79,5.27,1.750,10.1,1.1,5.6,5.6,1.00,lerewan01
358,Al Levine,37,SFG,NL,0,0,,9.58,9,0,4,0,0,0,10.1,16,11,11,2,4,1,4,0,0,0,51,46,5.92,1.935,13.9,1.7,3.5,3.5,1.00,levinal01
359,Brad Lidge,28,HOU,NL,4,4,.500,2.29,70,0,65,0,0,42,70.2,58,21,18,5,23,1,103,3,0,8,291,185,2.13,1.146,7.4,0.6,2.9,13.1,4.48,lidgebr01
360,Cory Lidle,33,PHI,NL,13,11,.542,4.53,31,31,0,1,0,0,184.2,210,105,93,18,40,5,121,6,0,6,792,97,3.72,1.354,10.2,0.9,1.9,5.9,3.03,lidleco01
361,Jon Lieber,35,PHI,NL,17,13,.567,4.20,35,35,0,1,0,0,218.1,223,107,102,33,41,6,149,5,0,3,912,105,4.25,1.209,9.2,1.4,1.7,6.1,3.63,liebejo01
362,Kerry Ligtenberg,34,ARI,NL,0,0,,13.97,7,0,2,0,0,0,9.2,16,15,15,4,4,0,5,0,0,0,48,33,8.61,2.069,14.9,3.7,3.7,4.7,1.25,ligteke01
363,Ted Lilly*,29,TOR,AL,10,11,.476,5.56,25,25,0,0,0,0,126.1,135,79,78,23,58,1,96,3,2,2,566,80,5.32,1.528,9.6,1.6,4.1,6.8,1.66,lillyte01
364,Jose Lima,32,KCR,AL,5,16,.238,6.99,32,32,0,1,0,0,168.2,219,140,131,31,61,1,80,9,0,5,780,63,5.71,1.660,11.7,1.7,3.3,4.3,1.31,limajo01
365,Scott Linebrink,28,SDP,NL,8,1,.889,1.83,73,0,17,0,0,1,73.2,55,17,15,4,23,4,70,0,0,3,288,211,2.76,1.059,6.7,0.5,2.8,8.6,3.04,linebsc01
366,Francisco Liriano*,21,MIN,AL,1,2,.333,5.70,6,4,2,0,0,0,23.2,19,15,15,4,7,0,33,0,0,0,93,79,3.32,1.099,7.2,1.5,2.7,12.5,4.71,liriafr01
367,Pedro Liriano,24,PHI,NL,0,0,,10.57,5,0,4,0,0,0,7.2,10,11,9,3,6,0,6,1,0,0,40,44,9.28,2.087,11.7,3.5,7.0,7.0,1.00,liriape01
368,Esteban Loaiza,33,WSN,NL,12,10,.545,3.77,34,34,0,0,0,0,217.0,227,93,91,18,55,3,173,5,0,6,912,108,3.33,1.300,9.4,0.7,2.3,7.2,3.15,loaizes01
369,Kameron Loe,23,TEX,AL,9,6,.600,3.42,48,8,13,0,0,1,92.0,89,43,35,7,31,6,45,2,0,2,392,134,4.11,1.304,8.7,0.7,3.0,4.4,1.45,loeka01
370,Kyle Lohse,26,MIN,AL,9,13,.409,4.18,31,30,1,0,0,0,178.2,211,85,83,22,44,5,86,9,1,4,769,107,4.55,1.427,10.6,1.1,2.2,4.3,1.95,lohseky01
371,Braden Looper,30,NYM,NL,4,7,.364,3.94,60,0,54,0,0,28,59.1,65,31,26,7,22,3,27,5,0,1,271,105,5.01,1.466,9.9,1.1,3.3,4.1,1.23,loopebr01
372,Aquilino Lopez,30,TOT,NL,0,1,.000,2.16,11,0,5,0,0,0,16.2,16,5,4,2,7,1,22,0,0,1,72,216,3.20,1.380,8.6,1.1,3.8,11.9,3.14,lopezaq01
373,Aquilino Lopez,30,COL,NL,0,0,,2.25,1,0,0,0,0,0,4.0,3,1,1,0,0,0,6,0,0,0,15,229,0.02,0.750,6.8,0.0,0.0,13.5,,lopezaq01
374,Aquilino Lopez,30,PHI,NL,0,1,.000,2.13,10,0,5,0,0,0,12.2,13,4,3,2,7,1,16,0,0,1,57,212,4.20,1.579,9.2,1.4,5.0,11.4,2.29,lopezaq01
375,Javier López*,27,TOT,NL,1,1,.500,11.02,32,0,6,0,0,2,16.1,26,20,20,2,11,3,12,1,0,0,87,42,5.35,2.265,14.3,1.1,6.1,6.6,1.09,lopezja02
376,Javier López*,27,COL,NL,0,0,,22.50,3,0,1,0,0,0,2.0,7,5,5,0,0,0,1,0,0,0,13,25,2.02,3.500,31.5,0.0,0.0,4.5,,lopezja02
377,Javier López*,27,ARI,NL,1,1,.500,9.42,29,0,5,0,0,2,14.1,19,15,15,2,11,3,11,1,0,0,74,48,5.81,2.093,11.9,1.3,6.9,6.9,1.00,lopezja02
378,Rodrigo Lopez,29,BAL,AL,15,12,.556,4.90,35,35,0,0,0,0,209.1,232,126,114,28,63,1,118,7,1,5,918,88,4.63,1.409,10.0,1.2,2.7,5.1,1.87,lopezro02
379,Derek Lowe,32,LAD,NL,12,15,.444,3.61,35,35,0,2,2,0,222.0,223,113,89,28,55,1,146,5,2,3,934,114,4.16,1.252,9.0,1.1,2.2,5.9,2.65,lowede01
380,Noah Lowry*,24,SFG,NL,13,13,.500,3.78,33,33,0,0,0,0,204.2,193,92,86,21,76,1,172,7,0,2,875,113,3.89,1.314,8.5,0.9,3.3,7.6,2.26,lowryno01
381,Brandon Lyon,25,ARI,NL,0,2,.000,6.44,32,0,22,0,0,14,29.1,44,25,21,6,10,2,17,2,1,1,144,69,5.75,1.841,13.5,1.8,3.1,5.2,1.70,lyonbr01
382,Mike MacDougal,28,KCR,AL,5,6,.455,3.33,68,0,53,0,0,21,70.1,69,32,26,6,24,2,72,3,1,6,298,133,3.23,1.322,8.8,0.8,3.1,9.2,3.00,macdomi01
383,Greg Maddux,39,CHC,NL,13,15,.464,4.24,35,35,0,3,0,0,225.0,239,112,106,29,36,4,136,7,0,8,936,104,4.06,1.222,9.6,1.2,1.4,5.4,3.78,maddugr01
384,Bobby Madritsch*,29,SEA,AL,0,1,.000,6.23,1,1,0,0,0,0,4.1,4,3,3,1,1,0,1,0,0,0,18,73,6.25,1.154,8.3,2.1,2.1,2.1,1.00,madribo01
385,Ryan Madson,24,PHI,NL,6,5,.545,4.14,78,0,10,0,0,0,87.0,84,44,40,11,25,6,79,6,1,6,365,107,3.92,1.253,8.7,1.1,2.6,8.2,3.16,madsory01
386,Ron Mahay*,34,TEX,AL,0,2,.000,6.81,30,0,9,0,0,1,35.2,47,28,27,8,16,1,30,0,0,2,167,68,5.60,1.766,11.9,2.0,4.0,7.6,1.88,mahayro01
387,Paul Maholm*,23,PIT,NL,3,1,.750,2.18,6,6,0,0,0,0,41.1,31,10,10,2,17,0,26,3,0,0,168,194,3.84,1.161,6.8,0.4,3.7,5.7,1.53,maholpa01
388,John Maine,24,BAL,AL,2,3,.400,6.30,10,8,1,0,0,0,40.0,39,30,28,8,24,0,24,1,1,0,184,69,6.30,1.575,8.8,1.8,5.4,5.4,1.00,mainejo01
389,Gary Majewski,25,WSN,NL,4,4,.500,2.93,79,0,24,0,0,1,86.0,80,32,28,2,37,6,50,7,0,1,376,139,3.69,1.360,8.4,0.2,3.9,5.2,1.35,majewga01
390,Matt Mantei,31,BOS,AL,1,0,1.000,6.49,34,0,5,0,0,0,26.1,23,20,19,1,24,1,22,5,0,5,125,71,5.15,1.785,7.9,0.3,8.2,7.5,0.92,mantema01
391,Shaun Marcum,23,TOR,AL,0,0,,0.00,5,0,3,0,0,0,8.0,6,0,0,0,4,0,4,0,0,0,32,,3.52,1.250,6.8,0.0,4.5,4.5,1.00,marcush01
392,Mike Maroth*,27,DET,AL,14,14,.500,4.74,34,34,0,0,0,0,209.0,235,123,110,30,51,1,115,9,0,5,889,89,4.65,1.368,10.1,1.3,2.2,5.0,2.25,marotmi01
393,Jason Marquis,26,STL,NL,13,14,.481,4.13,33,32,0,3,1,0,207.0,206,110,95,29,69,2,100,5,3,10,868,103,4.95,1.329,9.0,1.3,3.0,4.3,1.45,marquja01
394,Damaso Marte*,30,CHW,AL,3,4,.429,3.77,66,0,15,0,0,4,45.1,45,21,19,5,33,4,54,3,1,1,213,120,4.45,1.721,8.9,1.0,6.6,10.7,1.64,marteda01
395,Tom Martin*,35,ATL,NL,0,0,,19.29,4,0,1,0,0,0,2.1,6,5,5,1,2,0,0,0,0,0,14,25,11.16,3.429,23.1,3.9,7.7,0.0,0.00,martito02
396,Pedro Martinez,33,NYM,NL,15,8,.652,2.82,31,31,0,4,1,0,217.0,159,69,68,19,47,3,208,4,0,4,843,146,2.95,0.949,6.6,0.8,1.9,8.6,4.43,martipe02
397,Julio Mateo,27,SEA,AL,3,6,.333,3.06,55,1,7,0,0,0,88.1,79,32,30,12,17,6,52,7,0,1,364,138,4.42,1.087,8.0,1.2,1.7,5.3,3.06,mateoju01
398,Mike Matthews*,31,NYM,NL,1,0,1.000,10.80,6,0,0,0,0,0,5.0,9,6,6,0,4,1,2,0,0,2,28,41,4.62,2.600,16.2,0.0,7.2,3.6,0.50,matthmi01
399,Darrell May*,33,TOT,MLB,1,4,.200,6.78,24,9,9,0,0,0,66.1,87,51,50,14,23,1,35,0,0,0,302,58,5.75,1.658,11.8,1.9,3.1,4.7,1.52,mayda02
400,Darrell May*,33,SDP,NL,1,3,.250,5.61,22,8,9,0,0,0,59.1,73,38,37,10,20,1,32,0,0,0,264,69,5.14,1.567,11.1,1.5,3.0,4.9,1.60,mayda02
401,Darrell May*,33,NYY,AL,0,1,.000,16.71,2,1,0,0,0,0,7.0,14,13,13,4,3,0,3,0,0,0,38,27,10.88,2.429,18.0,5.1,3.9,3.9,1.00,mayda02
402,Joe Mays,29,MIN,AL,6,10,.375,5.65,31,26,1,1,1,0,156.0,203,109,98,23,41,1,59,3,0,4,690,79,5.03,1.564,11.7,1.3,2.4,3.4,1.44,maysjo01
403,Macay McBride*,22,ATL,NL,1,0,1.000,5.79,23,0,4,0,0,1,14.0,18,11,9,0,7,0,22,0,0,2,68,75,1.38,1.786,11.6,0.0,4.5,14.1,3.14,mcbrima01
404,Brandon McCarthy,21,CHW,AL,3,2,.600,4.03,12,10,0,0,0,0,67.0,62,30,30,13,17,0,48,2,1,1,277,112,4.96,1.179,8.3,1.7,2.3,6.4,2.82,mccarbr01
405,Seth McClung,24,TBD,AL,7,11,.389,6.59,34,17,3,0,0,0,109.1,106,85,80,20,62,1,92,7,0,6,500,66,5.61,1.537,8.7,1.6,5.1,7.6,1.48,mccluse01
406,Dustin McGowan,23,TOR,AL,1,3,.250,6.35,13,7,2,0,0,0,45.1,49,34,32,7,17,0,34,7,0,7,205,71,5.12,1.456,9.7,1.4,3.4,6.8,2.00,mcgowdu01
407,Brian Meadows,29,PIT,NL,3,1,.750,4.58,65,0,9,0,0,0,74.2,84,42,38,8,21,7,44,0,0,3,326,92,4.08,1.406,10.1,1.0,2.5,5.3,2.10,meadobr01
408,Gil Meche,26,SEA,AL,10,8,.556,5.09,29,26,2,0,0,0,143.1,153,92,81,18,72,1,83,2,0,4,638,83,5.04,1.570,9.6,1.1,4.5,5.2,1.15,mechegi01
409,Jim Mecir,35,FLA,NL,1,4,.200,3.12,52,0,13,0,0,0,43.1,39,17,15,2,17,2,34,5,0,0,184,129,3.57,1.292,8.1,0.4,3.5,7.1,2.00,mecirji01
410,Brandon Medders,25,ARI,NL,4,1,.800,1.78,27,0,10,0,0,0,30.1,21,6,6,2,11,0,31,1,0,1,122,250,3.02,1.055,6.2,0.6,3.3,9.2,2.82,meddebr01
411,Ramiro Mendoza,33,NYY,AL,0,0,,18.00,1,0,1,0,0,0,1.0,2,2,2,1,0,0,1,0,0,0,5,32,14.02,2.000,18.0,9.0,0.0,9.0,,mendora01
412,Kent Mercker*,37,CIN,NL,3,1,.750,3.65,78,0,23,0,0,4,61.2,64,27,25,8,19,4,45,3,0,1,265,118,4.32,1.346,9.3,1.2,2.8,6.6,2.37,merckke01
413,Cla Meredith,22,BOS,AL,0,0,,27.00,3,0,0,0,0,0,2.1,6,7,7,1,4,0,0,1,0,1,18,19,15.02,4.286,23.1,3.9,15.4,0.0,0.00,meredcl01
414,Jose Mesa,39,PIT,NL,2,8,.200,4.76,55,0,48,0,0,27,56.2,61,30,30,7,26,3,37,3,0,2,257,88,4.86,1.535,9.7,1.1,4.1,5.9,1.42,mesajo01
415,Randy Messenger,23,FLA,NL,0,0,,5.35,29,0,8,0,0,0,37.0,39,22,22,5,30,7,29,0,0,1,178,75,5.64,1.865,9.5,1.2,7.3,7.1,0.97,messera01
416,Dan Miceli,34,COL,NL,1,2,.333,5.89,19,0,3,0,0,0,18.1,19,12,12,1,13,0,19,1,0,0,86,83,3.95,1.745,9.3,0.5,6.4,9.3,1.46,micelda01
417,Justin Miller,27,TOR,AL,0,0,,15.43,1,0,0,0,0,0,2.1,5,4,4,3,0,0,2,0,0,0,12,33,18.02,2.143,19.3,11.6,0.0,7.7,,milleju01
418,Matt Miller,33,CLE,AL,1,0,1.000,1.82,23,0,4,0,0,1,29.2,22,6,6,1,10,3,23,3,1,1,118,233,3.22,1.079,6.7,0.3,3.0,7.0,2.30,millema02
419,Trever Miller*,32,TBD,AL,2,2,.500,4.06,61,0,13,0,0,0,44.1,45,23,20,4,29,6,35,7,0,2,206,108,5.05,1.669,9.1,0.8,5.9,7.1,1.21,milletr02
420,Wade Miller,28,BOS,AL,4,4,.500,4.95,16,16,0,0,0,0,91.0,96,53,50,8,47,0,64,3,0,6,414,92,4.40,1.571,9.5,0.8,4.6,6.3,1.36,millewa04
421,Kevin Millwood,30,CLE,AL,9,11,.450,2.86,30,30,0,1,0,0,192.0,182,72,61,20,52,0,146,4,0,2,799,147,3.73,1.219,8.5,0.9,2.4,6.8,2.81,millwke01
422,Eric Milton*,29,CIN,NL,8,15,.348,6.47,34,34,0,0,0,0,186.1,237,141,134,40,52,2,123,7,0,8,855,66,5.44,1.551,11.4,1.9,2.5,5.9,2.37,miltoer01
423,Sergio Mitre,24,CHC,NL,2,5,.286,5.37,21,7,7,1,1,0,60.1,62,37,36,11,23,2,37,3,0,5,268,82,5.46,1.409,9.2,1.6,3.4,5.5,1.61,mitrese01
424,Brian Moehler,33,FLA,NL,6,12,.333,4.55,37,25,4,0,0,0,158.1,198,82,80,16,42,9,95,5,0,1,696,88,4.02,1.516,11.3,0.9,2.4,5.4,2.26,moehlbr01
425,Matt Morris,30,STL,NL,14,10,.583,4.11,31,31,0,2,0,0,192.2,209,101,88,22,37,3,117,8,1,1,818,103,3.99,1.277,9.8,1.0,1.7,5.5,3.16,morrima01
426,Guillermo Mota,31,FLA,NL,2,2,.500,4.70,56,0,24,0,0,2,67.0,65,38,35,5,32,7,60,1,0,4,293,85,3.68,1.448,8.7,0.7,4.3,8.1,1.88,motagu01
427,Jamie Moyer*,42,SEA,AL,13,7,.650,4.28,32,32,0,1,0,0,200.0,225,99,95,23,52,2,102,8,0,3,868,98,4.40,1.385,10.1,1.0,2.3,4.6,1.96,moyerja01
428,Mark Mulder*,27,STL,NL,16,8,.667,3.64,32,32,0,3,2,0,205.0,212,90,83,19,70,1,111,9,0,9,868,116,4.30,1.376,9.3,0.8,3.1,4.9,1.59,muldema01
429,Terry Mulholland*,42,MIN,AL,0,2,.000,4.27,49,0,26,0,0,0,59.0,61,30,28,6,17,4,18,2,1,3,246,105,4.70,1.322,9.3,0.9,2.6,2.7,1.06,mulhote01
430,Scott Munter,25,SFG,NL,2,0,1.000,2.56,45,0,7,0,0,0,38.2,40,15,11,1,12,1,11,1,0,1,159,168,3.80,1.345,9.3,0.2,2.8,2.6,0.92,muntesc01
431,Mike Mussina,36,NYY,AL,13,8,.619,4.41,30,30,0,2,2,0,179.2,199,93,88,23,47,0,142,7,0,2,766,96,4.01,1.369,10.0,1.2,2.4,7.1,3.02,mussimi01
432,Brett Myers,24,PHI,NL,13,8,.619,3.72,34,34,0,2,0,0,215.1,193,94,89,31,68,2,208,11,4,4,905,118,4.06,1.212,8.1,1.3,2.8,8.7,3.06,myersbr01
433,Mike Myers*,36,BOS,AL,3,1,.750,3.13,65,0,11,0,0,0,37.1,30,14,13,3,13,2,21,2,0,0,151,146,4.15,1.152,7.2,0.7,3.1,5.1,1.62,myersmi01
434,Clint Nageotte,24,SEA,AL,0,0,,6.75,3,0,0,0,0,0,4.0,6,3,3,0,1,0,1,1,0,0,19,68,4.02,1.750,13.5,0.0,2.3,2.3,1.00,nageocl01
435,Joe Nathan,30,MIN,AL,7,4,.636,2.70,69,0,58,0,0,43,70.0,46,22,21,5,22,1,94,0,0,2,276,166,2.21,0.971,5.9,0.6,2.8,12.1,4.27,nathajo01
436,Blaine Neal,27,TOT,MLB,1,3,.250,7.15,19,0,7,0,0,0,22.2,35,19,18,4,12,2,11,0,0,1,111,68,5.93,2.074,13.9,1.6,4.8,4.4,0.92,nealbl01
437,Blaine Neal,27,BOS,AL,0,1,.000,9.00,8,0,4,0,0,0,8.0,15,9,8,2,3,0,3,0,0,0,41,53,6.65,2.250,16.9,2.3,3.4,3.4,1.00,nealbl01
438,Blaine Neal,27,COL,NL,1,2,.333,6.14,11,0,3,0,0,0,14.2,20,10,10,2,9,2,8,0,0,1,70,80,5.54,1.977,12.3,1.2,5.5,4.9,0.89,nealbl01
439,Jeff Nelson,38,SEA,AL,1,3,.250,3.93,49,0,15,0,0,1,36.2,32,17,16,3,22,0,34,4,1,1,166,108,4.36,1.473,7.9,0.7,5.4,8.3,1.55,nelsoje01
440,Dustin Nippert,24,ARI,NL,1,0,1.000,5.52,3,3,0,0,0,0,14.2,10,9,9,1,13,0,11,1,0,1,68,82,5.27,1.568,6.1,0.6,8.0,6.8,0.85,nippedu01
441,C.J. Nitkowski*,32,WSN,NL,0,0,,8.10,7,0,0,0,0,0,3.1,5,3,3,0,2,0,2,0,0,0,17,56,3.62,2.100,13.5,0.0,5.4,5.4,1.00,nitkoc.01
442,Hideo Nomo,36,TBD,AL,5,8,.385,7.24,19,19,0,0,0,0,100.2,127,82,81,16,51,2,59,2,0,3,472,60,5.49,1.768,11.4,1.4,4.6,5.3,1.16,nomohi01
443,Roberto Novoa,25,CHC,NL,4,5,.444,4.43,49,0,11,0,0,0,44.2,47,22,22,4,25,6,47,0,1,4,205,100,3.76,1.612,9.5,0.8,5.0,9.5,1.88,novoaro01
444,Franklin Nunez,28,TBD,AL,1,0,1.000,10.80,5,0,0,0,0,0,5.0,5,6,6,0,4,0,2,0,0,0,22,43,4.62,1.800,9.0,0.0,7.2,3.6,0.50,nunezfr01
445,Wes Obermueller,28,MIL,NL,1,4,.200,5.26,23,8,4,0,0,0,65.0,74,41,38,7,36,2,33,5,0,3,305,82,5.30,1.692,10.2,1.0,5.0,4.6,0.92,obermwe01
446,Tomo Ohka,29,TOT,NL,11,9,.550,4.04,32,29,0,1,1,0,180.1,189,88,81,22,55,5,98,3,0,8,774,105,4.48,1.353,9.4,1.1,2.7,4.9,1.78,ohkato01
447,Tomo Ohka,29,WSN,NL,4,3,.571,3.33,10,9,0,0,0,0,54.0,44,23,20,6,27,1,17,1,0,3,231,123,5.39,1.315,7.3,1.0,4.5,2.8,0.63,ohkato01
448,Tomo Ohka,29,MIL,NL,7,6,.538,4.35,22,20,0,1,1,0,126.1,145,65,61,16,28,4,81,2,0,5,543,99,4.10,1.369,10.3,1.1,2.0,5.8,2.89,ohkato01
449,Will Ohman*,27,CHC,NL,2,2,.500,2.91,69,0,13,0,0,0,43.1,32,14,14,6,24,3,45,3,1,6,187,152,4.61,1.292,6.6,1.2,5.0,9.3,1.88,ohmanwi01
450,Scott Olsen*,21,FLA,NL,1,1,.500,3.98,5,4,0,0,0,0,20.1,21,13,9,5,10,0,21,0,0,1,91,102,5.63,1.525,9.3,2.2,4.4,9.3,2.10,olsensc01
451,Ramon Ortiz,32,CIN,NL,9,11,.450,5.36,30,30,0,1,0,0,171.1,206,110,102,34,51,1,96,7,1,4,755,80,5.49,1.500,10.8,1.8,2.7,5.0,1.88,ortizra02
452,Russ Ortiz,31,ARI,NL,5,11,.313,6.89,22,22,0,0,0,0,115.0,147,92,88,18,65,3,46,4,0,5,551,64,6.05,1.843,11.5,1.4,5.1,3.6,0.71,ortizru01
453,Chad Orvella,24,TBD,AL,3,3,.500,3.60,37,0,9,0,0,1,50.0,47,26,20,4,23,2,43,1,0,0,220,122,3.78,1.400,8.5,0.7,4.1,7.7,1.87,orvelch01
454,Franquelis Osoria,23,LAD,NL,0,2,.000,3.94,24,0,6,0,0,0,29.2,28,14,13,3,8,0,15,3,0,0,122,105,4.44,1.213,8.5,0.9,2.4,4.6,1.88,osorifr01
455,Antonio Osuna,32,WSN,NL,0,0,,42.43,4,0,1,0,0,0,2.1,9,11,11,2,7,1,0,0,0,0,23,11,23.16,6.857,34.7,7.7,27.0,0.0,0.00,osunaan01
456,Roy Oswalt,27,HOU,NL,20,12,.625,2.94,35,35,0,4,1,0,241.2,243,85,79,18,48,3,184,8,1,5,1002,144,3.16,1.204,9.0,0.7,1.8,6.9,3.83,oswalro01
457,Akinori Otsuka,33,SDP,NL,2,8,.200,3.59,66,0,17,0,0,1,62.2,55,28,25,3,34,8,60,2,0,1,276,108,3.45,1.420,7.9,0.4,4.9,8.6,1.76,otsukak01
458,Juan Carlos Oviedo,23,KCR,AL,3,2,.600,7.55,41,0,10,0,0,0,53.2,73,45,45,9,18,2,32,3,0,1,246,59,5.18,1.696,12.2,1.5,3.0,5.4,1.78,nunezle01
459,Chris Oxspring,28,SDP,NL,0,0,,3.75,5,0,0,0,0,0,12.0,9,8,5,2,6,0,11,0,0,0,49,106,4.85,1.250,6.8,1.5,4.5,8.3,1.83,oxsprch01
460,Juan Padilla,28,NYM,NL,3,1,.750,1.49,24,0,5,0,0,1,36.1,24,7,6,0,13,2,17,2,0,0,149,279,3.32,1.018,5.9,0.0,3.2,4.2,1.31,padilju01
461,Vicente Padilla,27,PHI,NL,9,12,.429,4.71,27,27,0,0,0,0,147.0,146,79,77,22,74,9,103,8,0,1,654,94,5.24,1.497,8.9,1.3,4.5,6.3,1.39,padilvi01
462,Jonathan Papelbon,24,BOS,AL,3,1,.750,2.65,17,3,4,0,0,0,34.0,33,11,10,4,17,2,34,3,0,1,148,173,4.31,1.471,8.7,1.1,4.5,9.0,2.00,papeljo01
463,Chan Ho Park,32,TOT,MLB,12,8,.600,5.74,30,29,0,0,0,0,155.1,180,103,99,11,80,1,113,10,0,6,715,76,4.22,1.674,10.4,0.6,4.6,6.5,1.41,parkch01
464,Chan Ho Park,32,TEX,AL,8,5,.615,5.66,20,20,0,0,0,0,109.2,130,70,69,8,54,1,80,6,0,3,502,81,4.15,1.678,10.7,0.7,4.4,6.6,1.48,parkch01
465,Chan Ho Park,32,SDP,NL,4,3,.571,5.91,10,9,0,0,0,0,45.2,50,33,30,3,26,0,33,4,0,3,213,66,4.40,1.664,9.9,0.6,5.1,6.5,1.27,parkch01
466,John Parrish*,27,BAL,AL,1,0,1.000,3.12,14,0,2,0,0,0,17.1,19,6,6,1,17,1,25,0,0,6,86,141,3.83,2.077,9.9,0.5,8.8,13.0,1.47,parrijo01
467,John Patterson,27,WSN,NL,9,7,.563,3.13,31,31,0,2,1,0,198.1,172,71,69,19,65,11,185,5,1,9,817,130,3.46,1.195,7.8,0.9,2.9,8.4,2.85,pattejo02
468,Carl Pavano,29,NYY,AL,4,6,.400,4.77,17,17,0,1,1,0,100.0,129,66,53,17,18,1,56,8,1,2,442,89,4.89,1.470,11.6,1.5,1.6,5.0,3.11,pavanca01
469,Jake Peavy,24,SDP,NL,13,7,.650,2.88,30,30,0,3,3,0,203.0,162,70,65,18,50,3,216,7,1,3,812,134,2.89,1.044,7.2,0.8,2.2,9.6,4.32,peavyja01
470,Hayden Penn,20,BAL,AL,3,2,.600,6.34,8,8,0,0,0,0,38.1,46,30,27,6,21,3,18,0,1,3,178,69,5.76,1.748,10.8,1.4,4.9,4.2,0.86,pennha01
471,Brad Penny,27,LAD,NL,7,9,.438,3.90,29,29,0,1,0,0,175.1,185,78,76,17,41,2,122,3,0,3,738,105,3.64,1.289,9.5,0.9,2.1,6.3,2.98,pennybr01
472,Joel Peralta,29,LAA,AL,1,0,1.000,3.89,28,0,10,0,0,0,34.2,28,15,15,6,14,2,30,0,0,2,145,110,4.75,1.212,7.3,1.6,3.6,7.8,2.14,peraljo01
473,Troy Percival,35,DET,AL,1,3,.250,5.76,26,0,23,0,0,8,25.0,19,16,16,7,11,3,20,2,0,0,107,75,6.62,1.200,6.8,2.5,4.0,7.2,1.82,percitr01
474,Odalis Perez*,27,LAD,NL,7,8,.467,4.56,19,19,0,0,0,0,108.2,109,59,55,13,28,2,74,0,0,3,453,90,3.99,1.261,9.0,1.1,2.3,6.1,2.64,perezod01
475,Oliver Pérez*,23,PIT,NL,7,5,.583,5.85,20,20,0,0,0,0,103.0,102,68,67,23,70,1,97,6,0,3,471,72,6.25,1.670,8.9,2.0,6.1,8.5,1.39,perezol01
476,Matt Perisho*,30,TOT,MLB,2,0,1.000,2.57,25,0,4,0,0,0,14.0,13,5,4,1,11,0,10,1,0,0,65,163,5.09,1.714,8.4,0.6,7.1,6.4,0.91,perisma01
477,Matt Perisho*,30,FLA,NL,2,0,1.000,1.93,24,0,4,0,0,0,14.0,12,4,3,1,11,0,10,1,0,0,64,212,5.09,1.643,7.7,0.6,7.1,6.4,0.91,perisma01
478,Matt Perisho*,30,BOS,AL,0,0,,inf,1,0,0,0,0,0,0.0,1,1,1,0,0,0,0,0,0,0,1,17,,,,,,,,perisma01
479,Andy Pettitte*,33,HOU,NL,17,9,.654,2.39,33,33,0,0,0,0,222.1,188,66,59,17,41,0,171,3,0,2,875,177,3.07,1.030,7.6,0.7,1.7,6.9,4.17,pettian01
480,Tommy Phelps*,31,MIL,NL,0,2,.000,4.63,29,0,8,0,0,1,23.1,25,12,12,2,12,4,14,2,0,2,106,94,4.73,1.586,9.6,0.8,4.6,5.4,1.17,phelpto01
481,Joel Pineiro,26,SEA,AL,7,11,.389,5.62,30,30,0,2,0,0,189.0,224,118,118,23,56,4,107,6,1,7,822,75,4.45,1.481,10.7,1.1,2.7,5.1,1.91,pineijo01
482,Cliff Politte,31,CHW,AL,7,1,.875,2.00,68,0,14,0,0,1,67.1,42,15,15,7,21,4,57,3,0,1,262,225,3.75,0.936,5.6,0.9,2.8,7.6,2.71,politcl01
483,Sidney Ponson,28,BAL,AL,7,11,.389,6.21,23,23,0,1,0,0,130.1,177,97,90,16,48,1,68,3,0,10,595,70,4.75,1.726,12.2,1.1,3.3,4.7,1.42,ponsosi01
484,Jay Powell,33,ATL,NL,0,0,,0.00,5,0,1,0,0,0,3.1,1,0,0,0,4,0,1,0,0,0,15,,6.02,1.500,2.7,0.0,10.8,2.7,0.25,powelja04
485,Bret Prinz,28,LAA,AL,0,1,.000,3.00,3,0,2,0,0,0,3.0,4,1,1,1,1,0,1,0,0,0,14,158,7.69,1.667,12.0,3.0,3.0,3.0,1.00,prinzbr01
486,Mark Prior,24,CHC,NL,11,7,.611,3.67,27,27,0,1,0,0,166.2,143,73,68,25,59,2,188,4,1,4,701,120,3.85,1.212,7.7,1.4,3.2,10.2,3.19,priorma01
487,Scott Proctor,28,NYY,AL,1,0,1.000,6.04,29,1,11,0,0,0,44.2,46,32,30,10,17,4,36,2,1,4,199,71,5.59,1.410,9.3,2.0,3.4,7.3,2.12,proctsc01
488,Brandon Puffer,29,SFG,NL,0,0,,10.29,3,0,2,0,0,0,7.0,9,8,8,2,2,0,1,0,0,0,31,44,7.31,1.571,11.6,2.6,2.6,1.3,0.50,puffebr01
489,Bill Pulsipher*,31,STL,NL,0,0,,6.75,5,0,2,0,0,0,4.0,5,3,3,0,2,1,1,0,0,0,19,68,4.02,1.750,11.3,0.0,4.5,2.3,0.50,pulsibi01
490,J.J. Putz,28,SEA,AL,6,5,.545,3.60,64,0,20,0,0,1,60.0,58,27,24,8,23,2,45,2,0,2,259,117,4.50,1.350,8.7,1.2,3.5,6.8,1.96,putzjj01
491,Chad Qualls,26,HOU,NL,6,4,.600,3.28,77,0,19,0,0,0,79.2,73,33,29,7,23,2,60,6,0,1,329,130,3.75,1.205,8.2,0.8,2.6,6.8,2.61,quallch01
492,Paul Quantrill,36,TOT,MLB,2,2,.500,5.35,50,0,15,0,0,0,69.0,93,44,41,8,14,3,36,3,1,0,309,77,4.22,1.551,12.1,1.0,1.8,4.7,2.57,quantpa01
493,Paul Quantrill,36,TOT,NL,1,2,.333,4.14,28,0,9,0,0,0,37.0,45,20,17,3,7,1,25,1,0,0,160,96,3.37,1.405,10.9,0.7,1.7,6.1,3.57,quantpa01
494,Paul Quantrill,36,NYY,AL,1,0,1.000,6.75,22,0,6,0,0,0,32.0,48,24,24,5,7,2,11,2,1,0,149,63,5.21,1.719,13.5,1.4,2.0,3.1,1.57,quantpa01
495,Paul Quantrill,36,SDP,NL,1,1,.500,3.41,22,0,7,0,0,0,31.2,37,13,12,2,2,1,24,1,0,0,132,114,2.61,1.232,10.5,0.6,0.6,6.8,12.00,quantpa01
496,Paul Quantrill,36,FLA,NL,0,1,.000,8.44,6,0,2,0,0,0,5.1,8,7,5,1,5,0,1,0,0,0,28,51,7.90,2.438,13.5,1.7,8.4,1.7,0.20,quantpa01
497,Brad Radke,32,MIN,AL,9,12,.429,4.04,31,31,0,3,1,0,200.2,214,98,90,33,23,1,117,7,0,2,831,110,4.44,1.181,9.6,1.5,1.0,5.2,5.09,radkebr01
498,Aaron Rakers,28,BAL,AL,1,0,1.000,3.29,10,0,1,0,0,0,13.2,11,5,5,3,3,0,11,0,0,0,55,135,4.92,1.024,7.2,2.0,2.0,7.2,3.67,rakeraa01
499,Elizardo Ramirez,22,CIN,NL,0,3,.000,8.46,6,4,1,0,0,0,22.1,33,22,21,5,10,2,9,2,0,2,110,51,6.74,1.925,13.3,2.0,4.0,3.6,0.90,ramirel01
500,Erasmo Ramirez*,29,TEX,AL,0,0,,3.91,16,0,4,0,0,0,23.0,24,10,10,3,3,0,6,2,0,0,96,119,4.85,1.174,9.4,1.2,1.2,2.3,2.00,ramirer01
501,Horacio Ramirez*,25,ATL,NL,11,9,.550,4.63,33,32,0,1,1,0,202.1,214,108,104,31,67,4,80,2,1,4,847,92,5.24,1.389,9.5,1.4,3.0,3.6,1.19,ramirho01
502,Darrell Rasner,24,WSN,NL,0,1,.000,3.68,5,1,1,0,0,0,7.1,5,3,3,0,2,1,4,2,0,0,31,116,3.57,0.955,6.1,0.0,2.5,4.9,2.00,rasneda01
503,Jon Rauch,26,WSN,NL,2,4,.333,3.60,15,1,4,0,0,0,30.0,24,12,12,3,11,2,23,1,0,2,124,114,3.99,1.167,7.2,0.9,3.3,6.9,2.09,rauchjo01
504,Chris Ray,23,BAL,AL,1,3,.250,2.66,41,0,8,0,0,0,40.2,34,15,12,5,18,3,43,1,1,0,174,164,3.91,1.279,7.5,1.1,4.0,9.5,2.39,raych01
505,Britt Reames,31,OAK,AL,0,0,,9.53,2,0,0,0,0,0,5.2,10,6,6,2,2,0,4,1,0,1,29,49,7.78,2.118,15.9,3.2,3.2,6.4,2.00,reamebr01
506,Tim Redding,27,TOT,MLB,0,6,.000,10.57,10,7,0,0,0,0,30.2,44,41,36,7,17,1,19,2,0,1,154,37,6.61,1.989,12.9,2.1,5.0,5.6,1.12,redditi01
507,Tim Redding,27,SDP,NL,0,5,.000,9.10,9,6,0,0,0,0,29.2,40,35,30,7,13,1,17,2,0,1,143,43,6.46,1.787,12.1,2.1,3.9,5.2,1.31,redditi01
508,Tim Redding,27,NYY,AL,0,1,.000,54.00,1,1,0,0,0,0,1.0,4,6,6,0,4,0,2,0,0,0,11,11,11.02,8.000,36.0,0.0,36.0,18.0,0.50,redditi01
509,Mark Redman*,31,PIT,NL,5,15,.250,4.90,30,30,0,2,1,0,178.1,188,100,97,18,56,3,101,2,3,7,751,86,4.18,1.368,9.5,0.9,2.8,5.1,1.80,redmama01
510,Steve Reed,40,BAL,AL,1,2,.333,6.61,30,0,6,0,0,0,32.2,41,24,24,5,11,2,15,4,0,0,149,66,5.47,1.592,11.3,1.4,3.0,4.1,1.36,reedst01
511,Nick Regilio,26,TEX,AL,1,2,.333,4.58,18,0,5,0,0,0,17.2,22,10,9,2,7,1,14,1,0,0,83,102,4.27,1.642,11.2,1.0,3.6,7.1,2.00,regilni01
512,Chris Reitsma,27,ATL,NL,3,6,.333,3.93,76,0,37,0,0,15,73.1,79,32,32,3,14,3,42,0,0,2,307,108,2.98,1.268,9.7,0.4,1.7,5.2,3.00,reitsch01
513,Mike Remlinger*,39,TOT,MLB,0,3,.000,6.58,43,0,9,0,0,0,39.2,46,33,29,7,17,2,35,2,0,2,182,68,4.99,1.588,10.4,1.6,3.9,7.9,2.06,remlimi01
514,Mike Remlinger*,39,CHC,NL,0,3,.000,4.91,35,0,7,0,0,0,33.0,31,19,18,5,12,2,30,2,0,0,141,91,4.44,1.303,8.5,1.4,3.3,8.2,2.50,remlimi01
515,Mike Remlinger*,39,BOS,AL,0,0,,14.85,8,0,2,0,0,0,6.2,15,14,11,2,5,0,5,0,0,2,41,32,7.67,3.000,20.3,2.7,6.8,6.8,1.00,remlimi01
516,Chris Resop,22,FLA,NL,2,0,1.000,8.47,15,0,6,0,0,0,17.0,22,16,16,1,9,0,15,1,0,3,80,48,3.78,1.824,11.6,0.5,4.8,7.9,1.67,resopch01
517,Alberto Reyes,35,STL,NL,4,2,.667,2.15,65,0,18,0,0,3,62.2,38,15,15,5,20,2,67,5,0,1,244,197,3.12,0.926,5.5,0.7,2.9,9.6,3.35,reyesal01
518,Anthony Reyes,23,STL,NL,1,1,.500,2.70,4,1,0,0,0,0,13.1,6,4,4,2,4,1,12,0,0,2,51,161,4.07,0.750,4.1,1.4,2.7,8.1,3.00,reyesan01
519,Dennys Reyes*,28,SDP,NL,3,2,.600,5.15,36,1,9,0,0,0,43.2,57,30,25,3,32,2,35,1,1,3,215,75,4.58,2.038,11.7,0.6,6.6,7.2,1.09,reyesde01
520,Arthur Rhodes*,35,CLE,AL,3,1,.750,2.08,47,0,8,0,0,0,43.1,33,13,10,2,12,2,43,1,0,0,175,203,2.54,1.038,6.9,0.4,2.5,8.9,3.58,rhodear01
521,John Riedling,29,FLA,NL,4,1,.800,7.16,29,0,7,0,0,0,27.2,34,23,22,3,13,2,16,1,0,6,130,56,4.79,1.699,11.1,1.0,4.2,5.2,1.23,riedljo01
522,Matt Riley*,25,TEX,AL,1,0,1.000,9.95,7,0,0,0,0,0,12.2,16,14,14,2,10,0,4,1,1,1,62,47,7.05,2.053,11.4,1.4,7.1,2.8,0.40,rileyma01
523,Juan Rincon,26,MIN,AL,6,6,.500,2.45,75,0,18,0,0,0,77.0,63,26,21,2,30,3,84,3,1,5,319,182,2.46,1.208,7.4,0.2,3.5,9.8,2.80,rincoju01
524,Ricardo Rincon*,35,OAK,AL,1,1,.500,4.34,67,0,4,0,0,0,37.1,34,19,18,7,20,4,27,1,0,1,162,101,5.70,1.446,8.2,1.7,4.8,6.5,1.35,rincori01
525,Royce Ring*,24,NYM,NL,0,2,.000,5.06,15,0,2,0,0,0,10.2,10,6,6,0,10,1,8,0,0,0,51,84,4.33,1.875,8.4,0.0,8.4,6.8,0.80,ringro01
526,David Riske,28,CLE,AL,3,4,.429,3.10,58,0,33,0,0,1,72.2,55,28,25,11,15,0,48,4,0,0,288,136,4.45,0.963,6.8,1.4,1.9,5.9,3.20,riskeda01
527,Mariano Rivera,35,NYY,AL,7,4,.636,1.38,71,0,67,0,0,43,78.1,50,18,12,2,18,0,80,4,0,0,306,308,2.15,0.868,5.7,0.2,2.1,9.2,4.44,riverma01
528,Nate Robertson*,27,DET,AL,7,16,.304,4.48,32,32,0,2,0,0,196.2,202,113,98,28,65,2,122,7,1,6,846,95,4.73,1.358,9.2,1.3,3.0,5.6,1.88,roberna01
529,Fernando Rodney,28,DET,AL,2,3,.400,2.86,39,0,26,0,0,9,44.0,39,14,14,5,17,3,42,2,0,2,185,149,3.88,1.273,8.0,1.0,3.5,8.6,2.47,rodnefe01
530,Felix Rodriguez,32,NYY,AL,0,0,,5.01,34,0,10,0,0,0,32.1,33,18,18,2,20,0,18,2,0,3,147,85,4.75,1.639,9.2,0.6,5.6,5.0,0.90,rodrife01
531,Francisco Rodríguez,23,LAA,AL,2,5,.286,2.67,66,0,58,0,0,45,67.1,45,20,20,7,32,3,91,0,0,8,279,159,3.09,1.144,6.0,0.9,4.3,12.2,2.84,rodrifr03
532,Ricardo Rodriguez,27,TEX,AL,2,3,.400,5.53,12,10,0,0,0,0,57.0,67,39,35,11,17,0,24,1,0,2,254,83,5.63,1.474,10.6,1.7,2.7,3.8,1.41,rodriri03
533,Wandy Rodriguez*,26,HOU,NL,10,10,.500,5.53,25,22,0,0,0,0,128.2,135,82,79,19,53,2,80,8,3,3,560,77,5.12,1.461,9.4,1.3,3.7,5.6,1.51,rodriwa01
534,Kenny Rogers*,40,TEX,AL,14,8,.636,3.46,30,30,0,1,1,0,195.1,205,86,75,15,53,1,87,8,0,0,828,133,4.06,1.321,9.4,0.7,2.4,4.0,1.64,rogerke01
535,J.C. Romero*,29,MIN,AL,4,3,.571,3.47,68,0,11,0,0,0,57.0,50,26,22,6,39,8,48,6,1,1,264,129,5.07,1.561,7.9,0.9,6.2,7.6,1.23,romerj.01
536,Kirk Rueter*,34,SFG,NL,2,7,.222,5.95,20,18,1,0,0,0,107.1,131,78,71,12,47,3,25,1,0,3,489,72,5.35,1.658,11.0,1.0,3.9,2.1,0.53,rueteki01
537,Josh Rupe,22,TEX,AL,1,0,1.000,2.79,4,1,1,0,0,0,9.2,7,4,3,0,4,0,6,2,0,1,39,170,3.64,1.138,6.5,0.0,3.7,5.6,1.50,rupejo01
538,Glendon Rusch*,30,CHC,NL,9,8,.529,4.52,46,19,6,1,1,0,145.1,175,79,73,14,53,8,111,1,1,1,655,98,3.86,1.569,10.8,0.9,3.3,6.9,2.09,ruschgl01
539,B.J. Ryan*,29,BAL,AL,1,4,.200,2.43,69,0,61,0,0,36,70.1,54,20,19,4,26,2,100,2,0,5,290,178,2.11,1.137,6.9,0.5,3.3,12.8,3.85,ryanb.01
540,Kirk Saarloos,26,OAK,AL,10,9,.526,4.17,29,27,0,2,1,0,159.2,170,75,74,11,54,8,53,11,0,1,682,105,4.47,1.403,9.6,0.6,3.0,3.0,0.98,saarlki01
541,CC Sabathia*,24,CLE,AL,15,10,.600,4.03,31,31,0,1,0,0,196.2,185,92,88,19,62,1,161,7,0,7,823,104,3.69,1.256,8.5,0.9,2.8,7.4,2.60,sabatc.01
542,Duaner Sanchez,25,LAD,NL,4,7,.364,3.73,79,0,31,0,0,8,82.0,75,36,34,8,36,6,71,3,1,7,353,110,3.98,1.354,8.2,0.9,4.0,7.8,1.97,sanchdu01
543,David Sanders*,25,CHW,AL,0,0,,13.50,2,0,0,0,0,0,2.0,3,3,3,1,1,0,1,0,0,0,10,39,10.02,2.000,13.5,4.5,4.5,4.5,1.00,sandeda01
544,Ervin Santana,22,LAA,AL,12,8,.600,4.65,23,23,0,1,1,0,133.2,139,73,69,17,47,2,99,8,0,4,583,91,4.43,1.392,9.4,1.1,3.2,6.7,2.11,santaer01
545,Johan Santana*,26,MIN,AL,16,7,.696,2.87,33,33,0,3,2,0,231.2,180,77,74,22,45,1,238,1,0,8,910,155,2.80,0.971,7.0,0.9,1.7,9.2,5.29,santajo02
546,Julio Santana,32,MIL,NL,3,5,.375,4.50,41,0,12,0,0,1,42.0,34,21,21,6,19,4,49,0,0,5,177,96,3.90,1.262,7.3,1.3,4.1,10.5,2.58,santaju01
547,Jose Santiago,30,NYM,NL,0,0,,3.18,4,0,1,0,0,0,5.2,10,2,2,0,2,0,3,1,0,0,27,138,3.55,2.118,15.9,0.0,3.2,4.8,1.50,santijo03
548,Victor Santos,28,MIL,NL,4,13,.235,4.57,29,24,2,1,0,0,141.2,153,87,72,20,60,8,89,5,0,7,640,94,4.98,1.504,9.7,1.3,3.8,5.7,1.48,santovi01
549,Scott Sauerbeck*,33,CLE,AL,1,0,1.000,4.04,58,0,10,0,0,0,35.2,35,18,16,4,16,2,35,4,0,2,157,105,4.20,1.430,8.8,1.0,4.0,8.8,2.19,sauersc01
550,Joe Saunders*,24,LAA,AL,0,0,,7.71,2,2,0,0,0,0,9.1,10,8,8,3,4,0,4,0,0,1,41,57,7.63,1.500,9.6,2.9,3.9,3.9,1.00,saundjo01
551,Curt Schilling,38,BOS,AL,8,8,.500,5.69,32,11,21,0,0,9,93.1,121,59,59,12,22,0,87,3,1,1,418,80,3.63,1.532,11.7,1.2,2.1,8.4,3.95,schilcu01
552,Jason Schmidt,32,SFG,NL,12,7,.632,4.40,29,29,0,0,0,0,172.0,160,90,84,16,85,4,165,5,1,7,757,97,3.88,1.424,8.4,0.8,4.4,8.6,1.94,schmija01
553,Steve Schmoll,25,LAD,NL,2,2,.500,5.01,48,0,14,0,0,3,46.2,47,29,26,4,22,2,29,3,1,0,205,82,4.50,1.479,9.1,0.8,4.2,5.6,1.32,schmost01
554,Scott Schoeneweis*,31,TOR,AL,3,4,.429,3.32,80,0,15,0,0,1,57.0,54,23,21,2,25,5,43,4,0,2,250,135,3.49,1.386,8.5,0.3,3.9,6.8,1.72,schoesc01
555,Rudy Seanez,36,SDP,NL,7,1,.875,2.69,57,0,9,0,0,0,60.1,49,19,18,4,22,4,84,2,0,4,248,144,2.29,1.177,7.3,0.6,3.3,12.5,3.82,seaneru01
556,Bobby Seay*,27,COL,NL,0,0,,8.49,17,0,5,0,0,0,11.2,18,11,11,3,8,1,11,0,1,0,58,58,6.53,2.229,13.9,2.3,6.2,8.5,1.38,seaybo01
557,Aaron Sele,35,SEA,AL,6,12,.333,5.66,21,21,0,1,1,0,116.0,147,76,73,18,41,2,53,5,0,2,523,74,5.31,1.621,11.4,1.4,3.2,4.1,1.29,seleaa01
558,Jae Weong Seo,28,NYM,NL,8,2,.800,2.59,14,14,0,1,0,0,90.1,84,26,26,9,16,0,59,1,0,2,363,159,3.57,1.107,8.4,0.9,1.6,5.9,3.69,seoja01
559,Brian Shackelford*,28,CIN,NL,1,0,1.000,2.43,37,0,5,0,0,0,29.2,21,9,8,2,9,1,17,6,1,3,119,178,4.27,1.011,6.4,0.6,2.7,5.2,1.89,shackbr01
560,Ben Sheets,26,MIL,NL,10,9,.526,3.33,22,22,0,3,0,0,156.2,142,66,58,19,25,1,141,2,0,7,633,128,3.31,1.066,8.2,1.1,1.4,8.1,5.64,sheetbe01
561,George Sherrill*,28,SEA,AL,4,3,.571,5.21,29,0,2,0,0,0,19.0,13,12,11,3,7,2,24,1,0,0,77,82,3.81,1.053,6.2,1.4,3.3,11.4,3.43,sherrge01
562,Scot Shields,29,LAA,AL,10,11,.476,2.75,78,0,21,0,0,7,91.2,66,33,28,5,37,2,98,2,0,12,375,154,2.87,1.124,6.5,0.5,3.6,9.6,2.65,shielsc01
563,Brian Shouse*,36,TEX,AL,3,2,.600,5.23,64,0,12,0,0,0,53.1,55,37,31,7,18,4,35,3,0,2,233,88,4.60,1.369,9.3,1.2,3.0,5.9,1.94,shousbr01
564,Carlos Silva,26,MIN,AL,9,8,.529,3.44,27,27,0,2,0,0,188.1,212,83,72,25,9,2,71,3,0,0,749,130,4.18,1.173,10.1,1.2,0.4,3.4,7.89,silvaca01
565,Allan Simpson,27,TOT,NL,0,1,.000,12.27,11,0,2,0,0,0,7.1,6,10,10,1,8,0,6,1,0,2,36,39,6.84,1.909,7.4,1.2,9.8,7.4,0.75,simpsal01
566,Allan Simpson,27,COL,NL,0,0,,67.50,2,0,0,0,0,0,0.2,3,5,5,0,3,0,0,0,0,1,8,10,16.52,9.000,40.5,0.0,40.5,0.0,0.00,simpsal01
567,Allan Simpson,27,CIN,NL,0,1,.000,6.75,9,0,2,0,0,0,6.2,3,5,5,1,5,0,6,1,0,1,28,67,5.87,1.200,4.1,1.4,6.8,8.1,1.20,simpsal01
568,Andy Sisco*,22,KCR,AL,2,5,.286,3.11,67,0,13,0,0,0,75.1,68,27,26,6,42,4,76,2,0,2,329,142,3.79,1.460,8.1,0.7,5.0,9.1,1.81,siscoan01
569,Aaron Small,33,NYY,AL,10,0,1.000,3.20,15,9,1,1,1,0,76.0,71,27,27,4,24,0,37,5,0,0,316,133,3.88,1.250,8.4,0.5,2.8,4.4,1.54,smallaa01
570,Travis Smith,32,FLA,NL,0,0,,6.75,12,0,4,0,0,0,10.2,17,8,8,1,5,1,9,0,0,0,52,61,3.96,2.063,14.3,0.8,4.2,7.6,1.80,smithtr01
571,John Smoltz,38,ATL,NL,14,7,.667,3.06,33,33,0,3,1,0,229.2,210,83,78,18,53,7,169,1,1,2,931,139,3.27,1.145,8.2,0.7,2.1,6.6,3.19,smoltjo01
572,Ian Snell,23,PIT,NL,1,2,.333,5.14,15,5,2,0,0,0,42.0,43,25,24,5,24,3,34,1,0,4,189,82,4.73,1.595,9.2,1.1,5.1,7.3,1.42,snellia01
573,Kyle Snyder,27,KCR,AL,1,3,.250,6.75,13,3,4,0,0,0,36.0,55,29,27,3,10,1,19,1,0,1,169,66,3.96,1.806,13.8,0.8,2.5,4.8,1.90,snydeky01
574,Rafael Soriano,25,SEA,AL,0,0,,2.45,7,0,4,0,0,0,7.1,6,2,2,0,1,0,9,1,0,0,30,179,1.38,0.955,7.4,0.0,1.2,11.0,9.00,soriara01
575,Jorge Sosa,27,ATL,NL,13,3,.813,2.55,44,20,5,0,0,0,134.0,122,42,38,12,64,8,85,0,0,3,577,166,4.35,1.388,8.2,0.8,4.3,5.7,1.33,sosajo02
576,Justin Speier,31,TOR,AL,3,2,.600,2.57,65,0,36,0,0,0,66.2,48,20,19,10,15,2,56,3,1,1,264,174,4.10,0.945,6.5,1.4,2.0,7.6,3.73,speieju01
577,Ryan Speier,25,COL,NL,2,1,.667,3.65,22,0,10,0,0,0,24.2,26,12,10,0,13,0,10,1,0,2,111,133,3.91,1.581,9.5,0.0,4.7,3.6,0.77,speiery01
578,Russ Springer,36,HOU,NL,4,4,.500,4.73,62,0,11,0,0,0,59.0,49,34,31,9,21,3,54,3,0,2,246,90,4.39,1.186,7.5,1.4,3.2,8.2,2.57,sprinru01
579,Chris Spurling,28,DET,AL,3,4,.429,3.44,56,0,8,0,0,0,70.2,58,30,27,8,22,6,26,2,0,4,284,124,4.77,1.132,7.4,1.0,2.8,3.3,1.18,spurlch01
580,Jason Standridge,26,TOT,MLB,2,2,.500,4.59,34,0,6,0,0,0,33.1,45,17,17,3,17,8,19,1,0,2,156,96,4.67,1.860,12.2,0.8,4.6,5.1,1.12,standja01
581,Jason Standridge,26,TEX,AL,0,0,,11.57,2,0,0,0,0,0,2.1,7,3,3,0,1,1,2,0,0,1,16,45,2.59,3.429,27.0,0.0,3.9,7.7,2.00,standja01
582,Jason Standridge,26,CIN,NL,2,2,.500,4.06,32,0,6,0,0,0,31.0,38,14,14,3,16,7,17,1,0,1,140,106,4.83,1.742,11.0,0.9,4.6,4.9,1.06,standja01
583,Mike Stanton*,38,TOT,MLB,3,3,.500,4.64,59,0,12,0,0,0,42.2,49,24,22,3,15,4,27,0,1,1,185,91,3.72,1.500,10.3,0.6,3.2,5.7,1.80,stantmi02
584,Mike Stanton*,38,TOT,AL,1,2,.333,6.60,29,0,6,0,0,0,15.0,18,11,11,1,6,0,13,0,0,1,67,68,3.35,1.600,10.8,0.6,3.6,7.8,2.17,stantmi02
585,Mike Stanton*,38,NYY,AL,1,2,.333,7.07,28,0,6,0,0,0,14.0,17,11,11,1,6,0,12,0,0,1,64,61,3.52,1.643,10.9,0.6,3.9,7.7,2.00,stantmi02
586,Mike Stanton*,38,WSN,NL,2,1,.667,3.58,30,0,6,0,0,0,27.2,31,13,11,2,9,4,14,0,1,0,118,115,3.92,1.446,10.1,0.7,2.9,4.6,1.56,stantmi02
587,Mike Stanton*,38,BOS,AL,0,0,,0.00,1,0,0,0,0,0,1.0,1,0,0,0,0,0,1,0,0,0,3,,1.02,1.000,9.0,0.0,0.0,9.0,,stantmi02
588,Tim Stauffer,23,SDP,NL,3,6,.333,5.33,15,14,0,0,0,0,81.0,92,50,48,10,29,0,49,2,0,0,355,73,4.56,1.494,10.2,1.1,3.2,5.4,1.69,staufti01
589,Steve Stemle,28,KCR,AL,0,0,,5.06,6,0,1,0,0,0,10.2,10,6,6,0,4,0,9,0,0,0,43,90,2.46,1.313,8.4,0.0,3.4,7.6,2.25,stemlst01
590,Ricky Stone,30,CIN,NL,0,0,,6.75,23,0,4,0,0,0,30.2,48,24,23,8,7,2,15,2,0,2,143,64,6.31,1.793,14.1,2.3,2.1,4.4,2.14,stoneri01
591,Huston Street,21,OAK,AL,5,1,.833,1.72,67,0,47,0,0,23,78.1,53,17,15,3,26,4,72,2,0,1,306,254,2.75,1.009,6.1,0.3,3.0,8.3,2.77,streehu01
592,Scott Strickland,29,HOU,NL,0,0,,6.75,5,0,0,0,0,0,4.0,4,3,3,2,0,0,2,0,0,0,16,68,8.52,1.000,9.0,4.5,0.0,4.5,,stricsc02
593,Tanyon Sturtze,34,NYY,AL,5,3,.625,4.73,64,1,12,0,0,1,78.0,76,43,41,10,27,1,45,6,0,3,332,90,4.80,1.321,8.8,1.2,3.1,5.2,1.67,sturtta01
594,Jeff Suppan,30,STL,NL,16,10,.615,3.57,32,32,0,0,0,0,194.1,206,93,77,24,63,1,114,7,1,6,834,119,4.53,1.384,9.5,1.1,2.9,5.3,1.81,suppaje01
595,Jon Switzer*,25,TBD,AL,0,0,,6.75,2,0,0,0,0,0,4.0,5,4,3,0,7,0,5,0,0,0,25,70,5.77,3.000,11.3,0.0,15.8,11.3,0.71,switzjo01
596,Kazuhito Tadano,25,CLE,AL,0,0,,2.25,1,0,1,0,0,0,4.0,4,1,1,0,0,0,1,0,0,0,16,203,2.52,1.000,9.0,0.0,0.0,2.3,,tadanka01
597,Shingo Takatsu,36,TOT,MLB,2,2,.500,5.20,40,0,24,0,0,8,36.1,41,21,21,11,19,2,38,0,0,1,168,86,6.43,1.651,10.2,2.7,4.7,9.4,2.00,takatsh01
598,Shingo Takatsu,36,CHW,AL,1,2,.333,5.97,31,0,20,0,0,8,28.2,30,19,19,9,16,1,32,0,0,1,130,76,6.54,1.605,9.4,2.8,5.0,10.0,2.00,takatsh01
599,Shingo Takatsu,36,NYM,NL,1,0,1.000,2.35,9,0,4,0,0,0,7.2,11,2,2,2,3,1,6,0,0,0,38,183,6.02,1.826,12.9,2.3,3.5,7.0,2.00,takatsh01
600,Brian Tallet*,27,CLE,AL,0,0,,7.71,2,0,0,0,0,0,4.2,6,4,4,2,3,0,2,1,0,0,24,59,10.31,1.929,11.6,3.9,5.8,3.9,0.67,tallebr01
601,Jack Taschner*,27,SFG,NL,2,0,1.000,1.59,24,0,7,0,0,0,22.2,15,5,4,0,13,0,19,0,0,0,95,273,3.06,1.235,6.0,0.0,5.2,7.5,1.46,taschja01
602,Julian Tavarez,32,STL,NL,2,3,.400,3.43,74,0,16,0,0,4,65.2,68,28,25,6,19,4,47,8,0,1,278,124,4.01,1.325,9.3,0.8,2.6,6.4,2.47,tavarju01
603,Rob Tejeda,23,PHI,NL,4,3,.571,3.57,26,13,5,0,0,0,85.2,67,36,34,5,51,4,72,8,1,3,371,124,4.16,1.377,7.0,0.5,5.4,7.6,1.41,tejedro01
604,Michael Tejera*,28,TEX,AL,0,0,,13.50,3,0,1,0,0,0,2.0,5,3,3,1,1,0,2,1,0,1,13,40,10.52,3.000,22.5,4.5,4.5,9.0,2.00,tejermi01
605,Amaury Telemaco,31,PHI,NL,0,1,.000,4.22,7,0,4,0,0,0,10.2,5,5,5,2,4,0,8,0,0,0,41,108,5.08,0.844,4.2,1.7,3.4,6.8,2.00,telemam01
606,Brad Thompson,23,STL,NL,4,0,1.000,2.95,40,0,8,0,0,1,55.0,46,22,18,5,15,2,29,4,0,0,225,145,4.18,1.109,7.5,0.8,2.5,4.7,1.93,thompbr01
607,Derek Thompson*,24,LAD,NL,0,0,,3.50,4,3,0,0,0,0,18.0,16,7,7,0,10,1,13,0,0,0,74,120,3.24,1.444,8.0,0.0,5.0,6.5,1.30,thompde01
608,Justin Thompson*,32,TEX,AL,0,0,,21.60,2,0,2,0,0,0,1.2,4,4,4,2,0,0,1,0,0,0,9,25,17.42,2.400,21.6,10.8,0.0,5.4,,thompju02
609,John Thomson,31,ATL,NL,4,6,.400,4.47,17,17,0,1,0,0,98.2,111,52,49,6,28,2,61,2,0,3,427,95,3.49,1.409,10.1,0.5,2.6,5.6,2.18,thomsjo01
610,Matt Thornton*,28,SEA,AL,0,4,.000,5.21,55,0,15,0,0,0,57.0,54,33,33,13,42,2,57,0,0,7,262,81,6.20,1.684,8.5,2.1,6.6,9.0,1.36,thornma01
611,Mike Timlin,39,BOS,AL,7,3,.700,2.24,81,0,27,0,0,13,80.1,86,23,20,2,20,5,59,2,0,3,342,203,2.70,1.320,9.6,0.2,2.2,6.6,2.95,timlimi01
612,Brett Tomko,32,SFG,NL,8,15,.348,4.48,33,30,1,3,0,1,190.2,205,99,95,20,57,11,114,7,0,5,823,95,4.19,1.374,9.7,0.9,2.7,5.4,2.00,tomkobr01
613,Salomon Torres,33,PIT,NL,5,5,.500,2.76,78,0,32,0,0,3,94.2,76,34,29,7,36,7,55,5,0,5,388,152,4.12,1.183,7.2,0.7,3.4,5.2,1.53,torresa01
614,Josh Towers,28,TOR,AL,13,12,.520,3.71,33,33,0,2,1,0,208.2,237,101,86,24,29,2,112,6,1,1,876,120,3.94,1.275,10.2,1.0,1.3,4.8,3.86,towerjo01
615,Steve Trachsel,34,NYM,NL,1,4,.200,4.14,6,6,0,0,0,0,37.0,37,20,17,6,12,0,24,1,0,1,157,100,4.88,1.324,9.0,1.5,2.9,5.8,2.00,trachst01
616,Chin-hui Tsao,24,COL,NL,1,0,1.000,6.55,10,0,9,0,0,3,11.0,16,8,8,3,5,1,4,1,0,1,56,75,7.47,1.909,13.1,2.5,4.1,3.3,0.80,tsaoch01
617,T.J. Tucker,26,WSN,NL,1,0,1.000,6.39,13,0,1,0,0,0,12.2,20,9,9,4,2,0,5,0,0,1,58,65,6.81,1.737,14.2,2.8,1.4,3.6,2.50,tucket.01
618,Derrick Turnbow,27,MIL,NL,7,1,.875,1.74,69,0,62,0,0,39,67.1,49,15,13,5,24,2,64,1,0,9,271,247,3.20,1.084,6.5,0.7,3.2,8.6,2.67,turnbde01
619,Ugueth Urbina,31,TOT,MLB,5,6,.455,3.62,81,0,22,0,0,10,79.2,56,34,32,12,39,4,97,1,0,1,330,121,4.05,1.192,6.3,1.4,4.4,11.0,2.49,urbinug01
620,Ugueth Urbina,31,DET,AL,1,3,.250,2.63,25,0,14,0,0,9,27.1,21,9,8,4,14,2,31,1,0,1,116,163,4.30,1.280,6.9,1.3,4.6,10.2,2.21,urbinug01
621,Ugueth Urbina,31,PHI,NL,4,3,.571,4.13,56,0,8,0,0,1,52.1,35,25,24,8,25,2,66,0,0,0,214,107,3.92,1.146,6.0,1.4,4.3,11.4,2.64,urbinug01
622,Ismael Valdez,31,FLA,NL,2,2,.500,5.33,14,7,1,0,0,0,50.2,64,32,30,6,22,6,27,5,2,1,237,75,5.09,1.697,11.4,1.1,3.9,4.8,1.23,valdeis01
623,Joe Valentine,25,CIN,NL,0,1,.000,8.16,16,0,5,0,0,0,14.1,18,15,13,4,11,0,9,2,0,1,76,54,8.11,2.023,11.3,2.5,6.9,5.7,0.82,valenjo04
624,Jose Valverde,27,ARI,NL,3,4,.429,2.44,61,0,34,0,0,15,66.1,51,19,18,5,20,1,75,2,0,3,268,181,2.73,1.070,6.9,0.7,2.7,10.2,3.75,valvejo01
625,Jermaine Van Buren,24,CHC,NL,0,2,.000,3.00,6,0,1,0,0,0,6.0,2,2,2,0,9,2,3,0,0,0,27,155,6.52,1.833,3.0,0.0,13.5,4.5,0.33,vanbuje01
626,Claudio Vargas,27,TOT,NL,9,9,.500,5.24,25,23,0,0,0,0,132.1,146,81,77,25,47,5,95,7,0,6,586,84,5.26,1.458,9.9,1.7,3.2,6.5,2.02,vargacl01
627,Claudio Vargas,27,WSN,NL,0,3,.000,9.24,4,4,0,0,0,0,12.2,22,15,13,4,7,2,5,0,0,0,66,45,7.99,2.289,15.6,2.8,5.0,3.6,0.71,vargacl01
628,Claudio Vargas,27,ARI,NL,9,6,.600,4.81,21,19,0,0,0,0,119.2,124,66,64,21,40,3,90,7,0,6,520,92,4.98,1.370,9.3,1.6,3.0,6.8,2.25,vargacl01
629,Jason Vargas*,22,FLA,NL,5,5,.500,4.03,17,13,0,1,0,0,73.2,71,34,33,4,31,4,59,4,0,0,325,99,3.55,1.385,8.7,0.5,3.8,7.2,1.90,vargaja01
630,Jorge Vasquez,26,ATL,NL,1,0,1.000,3.00,7,0,2,0,0,0,9.0,11,4,3,2,5,0,9,0,1,1,42,147,5.58,1.778,11.0,2.0,5.0,9.0,1.80,vasqujo01
631,Javier Vazquez,28,ARI,NL,11,15,.423,4.42,33,33,0,3,1,0,215.2,223,112,106,35,46,4,192,5,0,7,904,100,4.06,1.247,9.3,1.5,1.9,8.0,4.17,vazquja01
632,Justin Verlander,22,DET,AL,0,2,.000,7.15,2,2,0,0,0,0,11.1,15,9,9,1,5,0,7,1,0,1,54,61,4.52,1.765,11.9,0.8,4.0,5.6,1.40,verlaju01
633,Oscar Villarreal,23,ARI,NL,2,0,1.000,5.27,11,0,0,0,0,0,13.2,11,8,8,2,6,2,5,1,0,0,57,86,5.73,1.244,7.2,1.3,4.0,3.3,0.83,villaos01
634,Ron Villone*,35,TOT,MLB,5,5,.500,4.08,79,0,24,0,0,1,64.0,57,34,29,4,35,2,70,7,1,3,287,102,3.61,1.438,8.0,0.6,4.9,9.8,2.00,villoro01
635,Ron Villone*,35,SEA,AL,2,3,.400,2.45,52,0,14,0,0,1,40.1,33,14,11,2,23,1,41,5,1,2,178,172,3.71,1.388,7.4,0.4,5.1,9.1,1.78,villoro01
636,Ron Villone*,35,FLA,NL,3,2,.600,6.85,27,0,10,0,0,0,23.2,24,20,18,2,12,1,29,2,0,1,109,59,3.44,1.521,9.1,0.8,4.6,11.0,2.42,villoro01
637,Luis Vizcaino,30,CHW,AL,6,5,.545,3.73,65,0,20,0,0,0,70.0,74,30,29,8,29,6,43,2,0,3,305,121,4.61,1.471,9.5,1.0,3.7,5.5,1.48,vizcalu01
638,Ryan Vogelsong,27,PIT,NL,2,2,.500,4.43,44,0,19,0,0,0,81.1,82,43,40,5,40,1,52,8,0,7,369,95,4.31,1.500,9.1,0.6,4.4,5.8,1.30,vogelry01
639,Edinson Volquez,21,TEX,AL,0,4,.000,14.21,6,3,0,0,0,0,12.2,25,22,20,3,10,0,11,2,0,0,75,33,7.20,2.763,17.8,2.1,7.1,7.8,1.10,volqued01
640,Doug Waechter,24,TBD,AL,5,12,.294,5.62,29,25,3,0,0,0,157.0,191,109,98,29,38,5,87,3,2,4,692,78,5.10,1.459,10.9,1.7,2.2,5.0,2.29,waechdo01
641,Billy Wagner*,33,PHI,NL,4,3,.571,1.51,75,0,70,0,0,38,77.2,45,17,13,6,20,2,87,3,1,3,297,293,2.67,0.837,5.2,0.7,2.3,10.1,4.35,wagnebi02
642,Ryan Wagner,22,CIN,NL,3,2,.600,6.11,42,0,8,0,0,0,45.2,56,33,31,4,17,1,39,4,0,2,210,70,3.83,1.599,11.0,0.8,3.4,7.7,2.29,wagnery01
643,Adam Wainwright,23,STL,NL,0,0,,13.50,2,0,1,0,0,0,2.0,2,3,3,1,1,0,0,0,0,0,9,37,11.02,1.500,9.0,4.5,4.5,0.0,0.00,wainwad01
644,Tim Wakefield,38,BOS,AL,16,12,.571,4.15,33,33,0,3,0,0,225.1,210,113,104,35,68,4,151,11,0,8,943,109,4.75,1.234,8.4,1.4,2.7,6.0,2.22,wakefti01
645,Jamie Walker*,33,DET,AL,4,3,.571,3.70,66,0,11,0,0,0,48.2,49,22,20,5,13,3,30,2,0,0,208,115,4.05,1.274,9.1,0.9,2.4,5.5,2.31,walkeja01
646,Kevin Walker*,28,CHW,AL,0,1,.000,9.00,9,0,3,0,0,0,7.0,10,7,7,1,5,1,5,0,0,0,35,52,5.59,2.143,12.9,1.3,6.4,6.4,1.00,walkeke02
647,Pete Walker,36,TOR,AL,6,6,.500,3.54,41,4,8,0,0,2,84.0,81,33,33,10,33,0,43,2,0,2,358,126,4.79,1.357,8.7,1.1,3.5,4.6,1.30,walkepe01
648,Tyler Walker,29,SFG,NL,6,4,.600,4.23,67,0,39,0,0,23,61.2,68,31,29,9,27,6,54,3,0,4,279,102,4.63,1.541,9.9,1.3,3.9,7.9,2.00,walkety01
649,Chien-Ming Wang,25,NYY,AL,8,5,.615,4.02,18,17,0,0,0,0,116.1,113,58,52,9,32,3,47,6,0,3,486,105,4.20,1.246,8.7,0.7,2.5,3.6,1.47,wangch01
650,John Wasdin,32,TEX,AL,3,2,.600,4.28,31,6,7,0,0,4,75.2,77,37,36,9,20,2,44,1,0,2,319,107,4.24,1.282,9.2,1.1,2.4,5.2,2.20,wasdijo01
651,Jarrod Washburn*,30,LAA,AL,8,8,.500,3.20,29,29,0,1,1,0,177.1,184,66,63,19,51,0,94,8,0,2,740,133,4.35,1.325,9.3,1.0,2.6,4.8,1.84,washbja01
652,David Weathers,35,CIN,NL,7,4,.636,3.94,73,0,41,0,0,15,77.2,71,36,34,7,29,2,61,2,0,4,331,109,3.82,1.288,8.2,0.8,3.4,7.1,2.10,weathda01
653,Jeff Weaver,28,LAD,NL,14,11,.560,4.22,34,34,0,3,2,0,224.0,220,111,105,35,43,1,157,18,0,2,930,97,4.47,1.174,8.8,1.4,1.7,6.3,3.65,weaveje01
654,Brandon Webb,26,ARI,NL,14,12,.538,3.54,33,33,0,1,0,0,229.0,229,98,90,21,59,4,172,2,1,14,943,125,3.51,1.258,9.0,0.8,2.3,6.8,2.92,webbbr01
655,John Webb,26,TBD,AL,0,1,.000,18.00,1,1,0,0,0,0,4.0,6,8,8,1,4,0,2,1,0,0,23,26,9.02,2.500,13.5,2.3,9.0,4.5,0.50,webbjo01
656,Ben Weber,35,CIN,NL,0,0,,8.03,10,0,3,0,0,0,12.1,20,11,11,0,9,1,8,1,0,0,66,55,4.16,2.351,14.6,0.0,6.6,5.8,0.89,weberbe01
657,Todd Wellemeyer,26,CHC,NL,2,1,.667,6.12,22,0,6,0,0,1,32.1,32,23,22,7,22,1,32,0,0,3,146,73,5.90,1.670,8.9,1.9,6.1,8.9,1.45,welleto01
658,David Wells*,42,BOS,AL,15,7,.682,4.45,30,30,0,2,0,0,184.0,220,95,91,21,21,0,107,9,1,4,780,102,3.83,1.310,10.8,1.0,1.0,5.2,5.10,wellsda01
659,Kip Wells,28,PIT,NL,8,18,.308,5.09,33,33,0,1,1,0,182.0,186,116,103,23,99,8,132,12,0,8,828,82,5.04,1.566,9.2,1.1,4.9,6.5,1.33,wellski01
660,Jake Westbrook,27,CLE,AL,15,15,.500,4.49,34,34,0,2,0,0,210.2,218,121,105,19,56,3,119,7,0,3,895,93,3.96,1.301,9.3,0.8,2.4,5.1,2.13,westbja01
661,Dan Wheeler,27,HOU,NL,2,3,.400,2.21,71,0,20,0,0,3,73.1,53,18,18,7,19,3,69,3,0,0,288,192,3.28,0.982,6.5,0.9,2.3,8.5,3.63,wheelda01
662,Gabe White*,33,STL,NL,0,0,,2.16,6,0,3,0,0,0,8.1,14,2,2,1,1,1,1,0,0,0,38,204,4.70,1.800,15.1,1.1,1.1,1.1,1.00,whitega01
663,Matt White*,27,WSN,NL,0,1,.000,9.00,1,1,0,0,0,0,4.0,4,4,4,0,3,0,3,1,0,1,20,49,4.52,1.750,9.0,0.0,6.8,6.8,1.00,whitema03
664,Rick White,36,PIT,NL,4,7,.364,3.72,71,0,23,0,0,2,75.0,90,39,31,3,29,10,40,4,0,4,338,113,3.79,1.587,10.8,0.4,3.5,4.8,1.38,whiteri01
665,Matt Whiteside,37,TOR,AL,0,0,,19.64,2,0,0,0,0,0,3.2,6,8,8,3,5,0,5,1,0,0,23,25,15.84,3.000,14.7,7.4,12.3,12.3,1.00,whitema02
666,Bob Wickman,36,CLE,AL,0,4,.000,2.47,64,0,55,0,0,45,62.0,57,17,17,9,21,3,41,1,1,0,257,171,4.65,1.258,8.3,1.3,3.0,6.0,1.95,wickmbo01
667,David Williams*,26,PIT,NL,10,11,.476,4.41,25,25,0,1,1,0,138.2,137,74,68,20,58,5,88,8,0,3,600,95,5.05,1.406,8.9,1.3,3.8,5.7,1.52,willida07
668,Jerome Williams,23,TOT,NL,6,10,.375,4.26,22,20,0,0,0,0,122.2,119,62,58,14,49,1,70,10,0,2,532,104,4.81,1.370,8.7,1.0,3.6,5.1,1.43,willije01
669,Jerome Williams,23,SFG,NL,0,2,.000,6.48,4,3,0,0,0,0,16.2,21,12,12,2,4,1,11,1,0,0,73,67,4.16,1.500,11.3,1.1,2.2,5.9,2.75,willije01
670,Jerome Williams,23,CHC,NL,6,8,.429,3.91,18,17,0,0,0,0,106.0,98,50,46,12,45,0,59,9,0,2,459,113,4.91,1.349,8.3,1.0,3.8,5.0,1.31,willije01
671,Randy Williams*,29,TOT,NL,3,1,.750,6.84,32,0,6,0,0,0,26.1,33,21,20,5,13,3,21,1,0,0,125,69,5.49,1.747,11.3,1.7,4.4,7.2,1.62,willira01
672,Randy Williams*,29,SDP,NL,1,0,1.000,12.46,2,0,0,0,0,0,4.1,7,6,6,1,4,0,2,1,0,0,25,34,8.56,2.538,14.5,2.1,8.3,4.2,0.50,willira01
673,Randy Williams*,29,COL,NL,2,1,.667,5.73,30,0,6,0,0,0,22.0,26,15,14,4,9,3,19,0,0,0,100,85,4.88,1.591,10.6,1.6,3.7,7.8,2.11,willira01
674,Todd Williams,34,BAL,AL,5,5,.500,3.30,72,0,12,0,0,1,76.1,72,34,28,5,26,4,38,3,1,4,321,131,4.02,1.284,8.5,0.6,3.1,4.5,1.46,willito02
675,Woody Williams,38,SDP,NL,9,12,.429,4.85,28,28,0,0,0,0,159.2,174,92,86,24,51,1,106,3,0,1,697,80,4.66,1.409,9.8,1.4,2.9,6.0,2.08,williwo02
676,Scott Williamson,29,CHC,NL,0,0,,5.65,17,0,4,0,0,0,14.1,15,9,9,3,6,0,23,2,1,4,65,80,4.21,1.465,9.4,1.9,3.8,14.4,3.83,willisc01
677,Dontrelle Willis*,23,FLA,NL,22,10,.688,2.63,34,34,0,7,5,0,236.1,213,79,69,11,55,3,170,8,1,2,960,152,2.99,1.134,8.1,0.4,2.1,6.5,3.09,willido03
678,C.J. Wilson*,24,TEX,AL,1,7,.125,6.94,24,6,5,0,0,1,48.0,63,39,37,5,18,1,30,2,1,4,220,66,4.37,1.688,11.8,0.9,3.4,5.6,1.67,wilsocj01
679,Paul Wilson,32,CIN,NL,1,5,.167,7.77,9,9,0,0,0,0,46.1,68,41,40,10,17,1,30,4,0,2,224,55,5.89,1.835,13.2,1.9,3.3,5.8,1.76,wilsopa02
680,Matt Wise,29,MIL,NL,4,4,.500,3.36,49,0,11,0,0,1,64.1,37,25,24,6,25,5,62,3,1,1,262,128,3.61,0.964,5.2,0.8,3.5,8.7,2.48,wisema01
681,Jay Witasick,32,TOT,MLB,1,5,.167,2.84,60,0,11,0,0,1,63.1,53,26,20,4,29,5,73,6,0,5,277,163,3.19,1.295,7.5,0.6,4.1,10.4,2.52,witasja01
682,Jay Witasick,32,COL,NL,0,4,.000,2.52,32,0,7,0,0,0,35.2,27,11,10,2,12,3,40,3,0,2,148,191,2.77,1.093,6.8,0.5,3.0,10.1,3.33,witasja01
683,Jay Witasick,32,OAK,AL,1,1,.500,3.25,28,0,4,0,0,1,27.2,26,15,10,2,17,2,33,3,0,3,129,136,3.74,1.554,8.5,0.7,5.5,10.7,1.94,witasja01
684,Randy Wolf*,28,PHI,NL,6,4,.600,4.39,13,13,0,0,0,0,80.0,87,40,39,14,26,2,61,6,0,1,346,101,4.97,1.413,9.8,1.6,2.9,6.9,2.35,wolfra02
685,Kerry Wood,28,CHC,NL,3,4,.429,4.23,21,10,4,0,0,0,66.0,52,32,31,14,26,0,77,2,0,0,273,105,4.72,1.182,7.1,1.9,3.5,10.5,2.96,woodke02
686,Mike Wood,25,KCR,AL,5,8,.385,4.46,47,10,10,0,0,2,115.0,129,66,57,18,52,5,60,8,0,7,520,99,5.58,1.574,10.1,1.4,4.1,4.7,1.15,woodmi01
687,Jake Woods*,23,LAA,AL,1,1,.500,4.55,28,0,10,0,0,0,27.2,30,18,14,7,8,0,20,2,0,2,122,94,5.95,1.373,9.8,2.3,2.6,6.5,2.50,woodsja01
688,Mark Woodyard,26,DET,AL,0,0,,1.50,3,0,0,0,0,0,6.0,4,1,1,1,0,0,3,0,0,0,22,299,4.19,0.667,6.0,1.5,0.0,4.5,,woodyma01
689,Tim Worrell,37,TOT,NL,1,2,.333,4.07,51,0,17,0,0,1,48.2,59,30,22,8,12,2,39,2,1,0,220,110,4.42,1.459,10.9,1.5,2.2,7.2,3.25,worreti01
690,Tim Worrell,37,PHI,NL,0,1,.000,7.41,19,0,9,0,0,1,17.0,29,17,14,4,3,0,17,1,1,0,83,61,4.78,1.882,15.4,2.1,1.6,9.0,5.67,worreti01
691,Tim Worrell,37,ARI,NL,1,1,.500,2.27,32,0,8,0,0,0,31.2,30,13,8,4,9,2,22,1,0,0,137,196,4.22,1.232,8.5,1.1,2.6,6.3,2.44,worreti01
692,Jamey Wright,30,COL,NL,8,16,.333,5.46,34,27,1,0,0,0,171.1,201,119,104,22,81,4,101,15,2,2,782,88,5.19,1.646,10.6,1.2,4.3,5.3,1.25,wrighja01
693,Jaret Wright,29,NYY,AL,5,5,.500,6.08,13,13,0,0,0,0,63.2,81,51,43,8,32,1,34,6,0,4,302,70,5.38,1.775,11.5,1.1,4.5,4.8,1.06,wrighja02
694,Michael Wuertz,26,CHC,NL,6,2,.750,3.81,75,0,12,0,0,0,75.2,60,36,32,6,40,7,89,0,0,7,319,116,3.28,1.322,7.1,0.7,4.8,10.6,2.23,wuertmi01
695,Kelly Wunsch*,32,LAD,NL,1,1,.500,4.56,45,0,6,0,0,0,23.2,20,12,12,2,14,2,22,2,0,2,105,91,4.29,1.437,7.6,0.8,5.3,8.4,1.57,wunscke01
696,Keiichi Yabu,36,OAK,AL,4,0,1.000,4.50,40,0,15,0,0,1,58.0,64,34,29,6,26,3,44,8,0,2,262,98,4.61,1.552,9.9,0.9,4.0,6.8,1.69,yabuke01
697,Esteban Yan,30,LAA,AL,1,1,.500,4.59,49,0,21,0,0,0,66.2,66,36,34,8,30,4,45,0,0,5,293,93,4.58,1.440,8.9,1.1,4.1,6.1,1.50,yanes01
698,Chris Young,26,TEX,AL,12,7,.632,4.26,31,31,0,0,0,0,164.2,162,84,78,19,45,2,137,7,0,3,700,108,3.80,1.257,8.9,1.0,2.5,7.5,3.04,youngch03
699,Carlos Zambrano,24,CHC,NL,14,6,.700,3.26,33,33,0,2,0,0,223.1,170,88,81,21,86,3,202,8,0,7,909,135,3.70,1.146,6.9,0.8,3.5,8.1,2.35,zambrca01
700,Victor Zambrano,29,NYM,NL,7,12,.368,4.17,31,27,2,0,0,0,166.1,170,85,77,12,77,2,112,15,2,8,748,99,4.27,1.485,9.2,0.6,4.2,6.1,1.45,zambrvi01
701,Barry Zito*,27,OAK,AL,14,13,.519,3.86,35,35,0,0,0,0,228.1,185,106,98,26,89,0,171,13,0,4,953,113,4.34,1.200,7.3,1.0,3.5,6.7,1.92,zitoba01